as_of,country_iso3,market,external_debt,macro,climate,composite
2000-01-31,PAK,,,,88.35,
2000-02-29,PAK,,,,88.35,
2000-03-31,PAK,,,,88.35,
2000-04-30,PAK,,,,88.35,
2000-05-31,PAK,,,,88.35,
2000-06-30,PAK,,,,88.35,
2000-07-31,PAK,,,,88.35,
2000-08-31,PAK,,,,88.35,
2000-09-30,PAK,,,,88.35,
2000-10-31,PAK,,,,88.35,
2000-11-30,PAK,,,,88.35,
2000-12-31,PAK,,,,88.35,
2001-01-31,PAK,,,,87.35,
2001-02-28,PAK,,,,87.35,
2001-03-31,PAK,,,,87.35,
2001-04-30,PAK,,,,87.35,
2001-05-31,PAK,,,,87.35,
2001-06-30,PAK,,,,87.35,
2001-07-31,PAK,,21.92,44.71,87.35,51.33
2001-08-31,PAK,,21.92,44.71,87.35,51.33
2001-09-30,PAK,,21.92,44.71,87.35,51.33
2001-10-31,PAK,,21.92,44.71,87.35,51.33
2001-11-30,PAK,,21.92,44.71,87.35,51.33
2001-12-31,PAK,,21.92,44.71,87.35,51.33
2002-01-31,PAK,,21.92,44.71,86.32,50.98
2002-02-28,PAK,,21.92,44.71,86.32,50.98
2002-03-31,PAK,,21.92,44.71,86.32,50.98
2002-04-30,PAK,,21.92,44.71,86.32,50.98
2002-05-31,PAK,,21.92,44.71,86.32,50.98
2002-06-30,PAK,,21.92,44.71,86.32,50.98
2002-07-31,PAK,,22.4,40.97,86.32,49.9
2002-08-31,PAK,,22.4,40.97,86.32,49.9
2002-09-30,PAK,,22.4,40.97,86.32,49.9
2002-10-31,PAK,,22.4,40.97,86.32,49.9
2002-11-30,PAK,,22.4,40.97,86.32,49.9
2002-12-31,PAK,,22.4,40.97,86.32,49.9
2003-01-31,PAK,,22.4,40.97,85.04,49.47
2003-02-28,PAK,,22.4,40.97,85.04,49.47
2003-03-31,PAK,,22.4,40.97,85.04,49.47
2003-04-30,PAK,6.99,22.4,40.97,85.04,38.85
2003-05-31,PAK,6.99,22.4,40.97,85.04,38.85
2003-06-30,PAK,6.99,22.4,40.97,85.04,38.85
2003-07-31,PAK,6.99,20.73,36.53,85.04,37.32
2003-08-31,PAK,6.99,20.73,36.53,85.04,37.32
2003-09-30,PAK,6.99,20.73,36.53,85.04,37.32
2003-10-31,PAK,6.99,20.73,36.53,85.04,37.32
2003-11-30,PAK,6.99,20.73,36.53,85.04,37.32
2003-12-31,PAK,6.15,20.73,36.53,85.04,37.11
2004-01-31,PAK,4.73,20.73,36.53,85.14,36.78
2004-02-29,PAK,4.94,20.73,36.53,85.14,36.84
2004-03-31,PAK,5.06,20.73,36.53,85.14,36.86
2004-04-30,PAK,5.49,20.73,36.53,85.14,36.97
2004-05-31,PAK,5.66,20.73,36.53,85.14,37.01
2004-06-30,PAK,5.93,20.73,36.53,85.14,37.08
2004-07-31,PAK,6.3,16.47,31.87,85.14,34.95
2004-08-31,PAK,6.6,16.47,31.87,85.14,35.02
2004-09-30,PAK,6.91,16.47,31.87,85.14,35.1
2004-10-31,PAK,8.46,16.47,31.87,85.14,35.49
2004-11-30,PAK,7.27,16.47,31.87,85.14,35.19
2004-12-31,PAK,7.17,16.47,31.87,85.14,35.16
2005-01-31,PAK,7.51,16.47,31.87,84.7,35.14
2005-02-28,PAK,7.38,16.47,31.87,84.7,35.11
2005-03-31,PAK,7.36,16.47,31.87,84.7,35.1
2005-04-30,PAK,7.5,16.47,31.87,84.7,35.14
2005-05-31,PAK,7.4,16.47,31.87,84.7,35.11
2005-06-30,PAK,6.92,16.47,31.87,84.7,34.99
2005-07-31,PAK,6.61,22.69,38.22,84.7,38.05
2005-08-31,PAK,6.31,22.69,38.22,84.7,37.98
2005-09-30,PAK,5.97,22.69,38.22,84.7,37.89
2005-10-31,PAK,4.42,22.69,38.22,84.7,37.51
2005-11-30,PAK,5.6,22.69,38.22,84.7,37.8
2005-12-31,PAK,6.08,22.69,38.22,84.7,37.92
2006-01-31,PAK,5.98,22.69,38.22,81.76,37.16
2006-02-28,PAK,5.95,22.69,38.22,81.76,37.16
2006-03-31,PAK,6.18,22.69,38.22,81.76,37.21
2006-04-30,PAK,6.02,22.69,38.22,81.76,37.17
2006-05-31,PAK,5.96,22.69,38.22,81.76,37.16
2006-06-30,PAK,5.96,22.69,38.22,81.76,37.16
2006-07-31,PAK,6.08,11.67,42.56,81.76,35.52
2006-08-31,PAK,6.15,11.67,42.56,81.76,35.53
2006-09-30,PAK,6.23,11.67,42.56,81.76,35.55
2006-10-31,PAK,5.98,11.67,42.56,81.76,35.49
2006-11-30,PAK,6.26,11.67,42.56,81.76,35.56
2006-12-31,PAK,6.39,11.67,42.56,81.76,35.6
2007-01-31,PAK,6.2,11.67,42.56,81.1,35.38
2007-02-28,PAK,6.21,11.67,42.56,81.1,35.38
2007-03-31,PAK,6.3,11.67,42.56,81.1,35.41
2007-04-30,PAK,5.64,11.67,42.56,81.1,35.24
2007-05-31,PAK,5.7,11.67,42.56,81.1,35.26
2007-06-30,PAK,5.82,11.67,42.56,81.1,35.29
2007-07-31,PAK,5.78,12.18,44.13,81.1,35.8
2007-08-31,PAK,5.99,12.18,44.13,81.1,35.85
2007-09-30,PAK,5.8,12.18,44.13,81.1,35.8
2007-10-31,PAK,5.96,12.18,44.13,81.1,35.84
2007-11-30,PAK,5.88,12.18,44.13,81.1,35.82
2007-12-31,PAK,6.03,12.18,44.13,81.1,35.86
2008-01-31,PAK,7.13,12.18,44.13,80.22,35.92
2008-02-29,PAK,7.0,12.18,44.13,80.22,35.88
2008-03-31,PAK,7.13,12.18,44.13,80.22,35.91
2008-04-30,PAK,9.04,12.18,44.13,80.22,36.39
2008-05-31,PAK,10.47,12.18,44.13,80.22,36.75
2008-06-30,PAK,11.57,12.18,44.13,80.22,37.02
2008-07-31,PAK,14.73,12.12,45.26,80.22,38.08
2008-08-31,PAK,18.2,12.12,45.26,80.22,38.95
2008-09-30,PAK,19.86,12.12,45.26,80.22,39.36
2008-10-31,PAK,22.81,12.12,45.26,80.22,40.1
2008-11-30,PAK,19.72,12.12,45.26,80.22,39.33
2008-12-31,PAK,19.8,12.12,45.26,80.22,39.35
2009-01-31,PAK,18.6,12.12,45.26,79.98,38.99
2009-02-28,PAK,19.21,12.12,45.26,79.98,39.14
2009-03-31,PAK,19.46,12.12,45.26,79.98,39.2
2009-04-30,PAK,17.48,12.12,45.26,79.98,38.71
2009-05-31,PAK,16.23,12.12,45.26,79.98,38.4
2009-06-30,PAK,15.38,12.12,45.26,79.98,38.18
2009-07-31,PAK,13.44,11.81,62.66,79.98,41.98
2009-08-31,PAK,10.05,11.81,62.66,79.98,41.13
2009-09-30,PAK,8.82,11.81,62.66,79.98,40.82
2009-10-31,PAK,6.73,11.81,62.66,79.98,40.3
2009-11-30,PAK,8.71,11.81,62.66,79.98,40.79
2009-12-31,PAK,8.88,11.81,62.66,79.98,40.83
2010-01-31,PAK,8.6,11.81,62.66,81.97,41.26
2010-02-28,PAK,8.99,11.81,62.66,81.97,41.36
2010-03-31,PAK,7.66,11.81,62.66,81.97,41.03
2010-04-30,PAK,8.07,11.81,62.66,81.97,41.13
2010-05-31,PAK,8.47,11.81,62.66,81.97,41.23
2010-06-30,PAK,8.2,11.81,62.66,81.97,41.16
2010-07-31,PAK,7.31,16.67,50.36,81.97,39.08
2010-08-31,PAK,6.45,16.67,50.36,81.97,38.86
2010-09-30,PAK,7.57,16.67,50.36,81.97,39.14
2010-10-31,PAK,7.14,16.67,50.36,81.97,39.03
2010-11-30,PAK,7.19,16.67,50.36,81.97,39.05
2010-12-31,PAK,6.83,16.67,50.36,81.97,38.96
2011-01-31,PAK,6.39,16.67,50.36,80.49,38.48
2011-02-28,PAK,6.02,16.67,50.36,80.49,38.38
2011-03-31,PAK,6.1,16.67,50.36,80.49,38.4
2011-04-30,PAK,55.85,16.67,50.36,80.49,50.84
2011-05-31,PAK,54.87,16.67,50.36,80.49,50.6
2011-06-30,PAK,55.84,16.67,50.36,80.49,50.84
2011-07-31,PAK,6.54,16.26,50.67,80.49,38.49
2011-08-31,PAK,7.2,16.26,50.67,80.49,38.65
2011-09-30,PAK,4.95,16.26,50.67,80.49,38.09
2011-10-31,PAK,6.43,16.26,50.67,80.49,38.46
2011-11-30,PAK,6.55,16.26,50.67,80.49,38.49
2011-12-31,PAK,8.14,16.26,50.67,80.49,38.89
2012-01-31,PAK,8.0,16.26,50.67,80.2,38.78
2012-02-29,PAK,8.91,16.26,50.67,80.2,39.01
2012-03-31,PAK,9.59,16.26,50.67,80.2,39.18
2012-04-30,PAK,8.71,16.26,50.67,80.2,38.96
2012-05-31,PAK,10.46,16.26,50.67,80.2,39.4
2012-06-30,PAK,9.87,16.26,50.67,80.2,39.25
2012-07-31,PAK,9.71,12.59,49.4,80.2,37.97
2012-08-31,PAK,10.03,12.59,49.4,80.2,38.06
2012-09-30,PAK,10.84,12.59,49.4,80.2,38.26
2012-10-31,PAK,10.24,12.59,49.4,80.2,38.11
2012-11-30,PAK,11.25,12.59,49.4,80.2,38.36
2012-12-31,PAK,9.43,12.59,49.4,80.2,37.9
2013-01-31,PAK,9.99,12.59,49.4,80.25,38.06
2013-02-28,PAK,9.16,12.59,49.4,80.25,37.85
2013-03-31,PAK,9.97,12.59,49.4,80.25,38.05
2013-04-30,PAK,9.74,12.59,49.4,80.25,38.0
2013-05-31,PAK,8.53,12.59,49.4,80.25,37.69
2013-06-30,PAK,8.19,12.59,49.4,80.25,37.61
2013-07-31,PAK,9.75,13.54,48.74,80.25,38.07
2013-08-31,PAK,11.32,13.54,48.74,80.25,38.46
2013-09-30,PAK,11.61,13.54,48.74,80.25,38.54
2013-10-31,PAK,11.54,13.54,48.74,80.25,38.52
2013-11-30,PAK,11.24,13.54,48.74,80.25,38.44
2013-12-31,PAK,10.21,13.54,48.74,80.25,38.18
2014-01-31,PAK,10.49,13.54,48.74,76.34,37.28
2014-02-28,PAK,9.73,13.54,48.74,76.34,37.09
2014-03-31,PAK,5.49,13.54,48.74,76.34,36.03
2014-04-30,PAK,6.32,13.54,48.74,76.34,36.23
2014-05-31,PAK,6.5,13.54,48.74,76.34,36.28
2014-06-30,PAK,6.18,13.54,48.74,76.34,36.2
2014-07-31,PAK,4.67,17.05,47.94,76.34,36.5
2014-08-31,PAK,4.04,17.05,47.94,76.34,36.34
2014-09-30,PAK,4.62,17.05,47.94,76.34,36.49
2014-10-31,PAK,4.3,17.05,47.94,76.34,36.41
2014-11-30,PAK,52.28,17.05,47.94,76.34,48.4
2014-12-31,PAK,53.42,17.05,47.94,76.34,48.69
2015-01-31,PAK,53.34,17.05,47.94,76.06,48.6
2015-02-28,PAK,4.32,17.05,47.94,76.06,36.34
2015-03-31,PAK,7.01,17.05,47.94,76.06,37.02
2015-04-30,PAK,7.62,17.05,47.94,76.06,37.17
2015-05-31,PAK,57.03,17.05,47.94,76.06,49.52
2015-06-30,PAK,57.03,17.05,47.94,76.06,49.52
2015-07-31,PAK,56.92,17.91,45.78,76.06,49.17
2015-08-31,PAK,6.45,17.91,45.78,76.06,36.55
2015-09-30,PAK,6.86,17.91,45.78,76.06,36.65
2015-10-31,PAK,6.95,17.91,45.78,76.06,36.67
2015-11-30,PAK,7.5,17.91,45.78,76.06,36.81
2015-12-31,PAK,7.2,17.91,45.78,76.06,36.74
2016-01-31,PAK,6.98,17.91,45.78,76.48,36.79
2016-02-29,PAK,6.58,17.91,45.78,76.48,36.69
2016-03-31,PAK,7.94,17.91,45.78,76.48,37.03
2016-04-30,PAK,7.31,17.91,45.78,76.48,36.87
2016-05-31,PAK,7.05,17.91,45.78,76.48,36.81
2016-06-30,PAK,7.14,17.91,45.78,76.48,36.83
2016-07-31,PAK,6.63,21.92,39.97,76.48,36.25
2016-08-31,PAK,6.23,21.92,39.97,76.48,36.15
2016-09-30,PAK,5.24,21.92,39.97,76.48,35.9
2016-10-31,PAK,4.98,21.92,39.97,76.48,35.84
2016-11-30,PAK,5.36,21.92,39.97,76.48,35.93
2016-12-31,PAK,5.36,21.92,39.97,76.48,35.93
2017-01-31,PAK,5.87,21.92,39.97,74.63,35.6
2017-02-28,PAK,6.15,21.92,39.97,74.63,35.67
2017-03-31,PAK,5.95,21.92,39.97,74.63,35.62
2017-04-30,PAK,5.31,21.92,39.97,74.63,35.46
2017-05-31,PAK,5.36,21.92,39.97,74.63,35.47
2017-06-30,PAK,5.15,21.92,39.97,74.63,35.42
2017-07-31,PAK,6.2,26.32,38.55,74.63,36.42
2017-08-31,PAK,6.41,26.32,38.55,74.63,36.48
2017-09-30,PAK,6.83,26.32,38.55,74.63,36.58
2017-10-31,PAK,6.06,26.32,38.55,74.63,36.39
2017-11-30,PAK,6.37,26.32,38.55,74.63,36.47
2017-12-31,PAK,8.89,26.32,38.55,74.63,37.1
2018-01-31,PAK,9.16,26.32,38.55,75.31,37.33
2018-02-28,PAK,8.79,26.32,38.55,75.31,37.24
2018-03-31,PAK,10.7,26.32,38.55,75.31,37.72
2018-04-30,PAK,11.33,26.32,38.55,75.31,37.88
2018-05-31,PAK,11.5,26.32,38.55,75.31,37.92
2018-06-30,PAK,14.58,26.32,38.55,75.31,38.69
2018-07-31,PAK,17.53,34.16,44.5,75.31,42.88
2018-08-31,PAK,14.68,34.16,44.5,75.31,42.16
2018-09-30,PAK,14.5,34.16,44.5,75.31,42.12
2018-10-31,PAK,19.64,34.16,44.5,75.31,43.4
2018-11-30,PAK,19.6,34.16,44.5,75.31,43.39
2018-12-31,PAK,18.62,34.16,44.5,75.31,43.15
2019-01-31,PAK,18.25,34.16,44.5,75.58,43.12
2019-02-28,PAK,18.21,34.16,44.5,75.58,43.11
2019-03-31,PAK,16.43,34.16,44.5,75.58,42.67
2019-04-30,PAK,16.11,34.16,44.5,75.58,42.59
2019-05-31,PAK,20.13,34.16,44.5,75.58,43.59
2019-06-30,PAK,22.61,34.16,44.5,75.58,44.21
2019-07-31,PAK,18.32,36.1,45.23,75.58,43.81
2019-08-31,PAK,19.65,36.1,45.23,75.58,44.14
2019-09-30,PAK,19.08,36.1,45.23,75.58,43.99
2019-10-31,PAK,13.94,36.1,45.23,75.58,42.71
2019-11-30,PAK,13.09,36.1,45.23,75.58,42.5
2019-12-31,PAK,11.57,36.1,45.23,75.58,42.12
2020-01-31,PAK,11.09,36.1,45.23,75.55,41.99
2020-02-29,PAK,11.03,36.1,45.23,75.55,41.97
2020-03-31,PAK,13.14,36.1,45.23,75.55,42.5
2020-04-30,PAK,13.08,36.1,45.23,75.55,42.49
2020-05-31,PAK,9.42,36.1,45.23,75.55,41.57
2020-06-30,PAK,6.93,36.1,45.23,75.55,40.95
2020-07-31,PAK,7.13,53.38,50.89,75.55,46.74
2020-08-31,PAK,8.39,53.38,50.89,75.55,47.05
2020-09-30,PAK,8.45,53.38,50.89,75.55,47.07
2020-10-31,PAK,6.77,53.38,50.89,75.55,46.65
2020-11-30,PAK,6.88,53.38,50.89,75.55,46.68
2020-12-31,PAK,7.49,53.38,50.89,75.55,46.83
2021-01-31,PAK,7.55,53.38,50.89,71.2,45.76
2021-02-28,PAK,6.57,53.38,50.89,71.2,45.51
2021-03-31,PAK,3.14,53.38,50.89,71.2,44.65
2021-04-30,PAK,3.53,53.38,50.89,71.2,44.75
2021-05-31,PAK,3.91,53.38,50.89,71.2,44.85
2021-06-30,PAK,2.88,53.38,50.89,71.2,44.59
2021-07-31,PAK,4.13,55.63,52.46,71.2,45.85
2021-08-31,PAK,5.37,55.63,52.46,71.2,46.16
2021-09-30,PAK,6.67,55.63,52.46,71.2,46.49
2021-10-31,PAK,9.42,55.63,52.46,71.2,47.18
2021-11-30,PAK,11.27,55.63,52.46,71.2,47.64
2021-12-31,PAK,11.19,55.63,52.46,71.2,47.62
2022-01-31,PAK,10.8,55.63,52.46,71.91,47.7
2022-02-28,PAK,11.75,55.63,52.46,71.91,47.94
2022-03-31,PAK,14.6,55.63,52.46,71.91,48.65
2022-04-30,PAK,15.69,55.63,52.46,71.91,48.92
2022-05-31,PAK,19.84,55.63,52.46,71.91,49.96
2022-06-30,PAK,20.23,55.63,52.46,71.91,50.06
2022-07-31,PAK,29.91,51.69,45.33,71.91,49.71
2022-08-31,PAK,23.47,51.69,45.33,71.91,48.1
2022-09-30,PAK,24.76,51.69,45.33,71.91,48.42
2022-10-31,PAK,20.23,51.69,45.33,71.91,47.29
2022-11-30,PAK,19.39,51.69,45.33,71.91,47.08
2022-12-31,PAK,18.98,51.69,45.33,71.91,46.98
2023-01-31,PAK,26.12,51.69,45.33,73.27,49.1
2023-02-28,PAK,28.53,51.69,45.33,73.27,49.71
2023-03-31,PAK,33.51,51.69,45.33,73.27,50.95
2023-04-30,PAK,31.96,51.69,45.33,73.27,50.56
2023-05-31,PAK,26.75,51.69,45.33,73.27,49.26
2023-06-30,PAK,25.58,51.69,45.33,73.27,48.97
2023-07-31,PAK,15.57,56.16,57.93,73.27,50.73
2023-08-31,PAK,23.81,56.16,57.93,73.27,52.79
2023-09-30,PAK,17.78,56.16,57.93,73.27,51.29
2023-10-31,PAK,45.26,56.16,57.93,73.27,58.16
2023-11-30,PAK,42.17,56.16,57.93,73.27,57.38
2023-12-31,PAK,37.85,56.16,57.93,73.27,56.3
2024-01-31,PAK,26.09,56.16,57.93,73.56,53.44
2024-02-29,PAK,22.23,56.16,57.93,73.56,52.47
2024-03-31,PAK,14.73,56.16,57.93,73.56,50.59
2024-04-30,PAK,15.46,56.16,57.93,73.56,50.78
2024-05-31,PAK,15.11,56.16,57.93,73.56,50.69
2024-06-30,PAK,22.4,56.16,57.93,73.56,52.51
2024-07-31,PAK,25.08,56.01,69.59,73.56,56.06
2024-08-31,PAK,26.1,56.01,69.59,73.56,56.31
2024-09-30,PAK,26.2,56.01,69.59,73.56,56.34
2024-10-31,PAK,15.99,56.01,69.59,73.56,53.79
2024-11-30,PAK,19.23,56.01,69.59,73.56,54.6
2024-12-31,PAK,20.24,56.01,69.59,73.56,54.85
2025-01-31,PAK,23.73,56.01,69.59,72.4,55.43
2025-02-28,PAK,21.19,56.01,69.59,72.4,54.8
2025-03-31,PAK,25.86,56.01,69.59,72.4,55.96
2025-04-30,PAK,40.7,56.01,69.59,72.4,59.67
2025-05-31,PAK,31.28,56.01,69.59,72.4,57.32
2025-06-30,PAK,23.52,56.01,69.59,72.4,55.38
2025-07-31,PAK,6.52,50.15,50.82,72.4,44.97
2025-08-31,PAK,12.68,50.15,50.82,72.4,46.51
2025-09-30,PAK,12.14,50.15,50.82,72.4,46.37
2025-10-31,PAK,18.93,50.15,50.82,72.4,48.07
2025-11-30,PAK,23.79,50.15,50.82,72.4,49.29
2025-12-31,PAK,24.47,50.15,50.82,72.4,49.46
2026-01-31,PAK,19.28,50.15,50.82,71.93,48.04
2026-02-28,PAK,20.33,50.15,50.82,71.93,48.31
2026-03-31,PAK,31.9,50.15,50.82,71.93,51.2
2026-04-30,PAK,18.9,50.15,50.82,71.93,47.95
2026-05-31,PAK,14.57,50.15,50.82,71.93,46.87
2026-06-30,PAK,10.31,50.15,50.82,71.93,45.8
2026-07-31,PAK,19.84,50.15,41.93,71.93,45.96
2026-08-31,PAK,14.57,50.15,41.93,71.93,44.65
2026-09-30,PAK,16.8,50.15,41.93,71.93,45.2
2000-01-31,LKA,,,,45.48,
2000-02-29,LKA,,,,45.48,
2000-03-31,LKA,,,,45.48,
2000-04-30,LKA,,,,45.48,
2000-05-31,LKA,,,,45.48,
2000-06-30,LKA,,,,45.48,
2000-07-31,LKA,,,,45.48,
2000-08-31,LKA,,,,45.48,
2000-09-30,LKA,,,,45.48,
2000-10-31,LKA,,,,45.48,
2000-11-30,LKA,,,,45.48,
2000-12-31,LKA,,,,45.48,
2001-01-31,LKA,,,,44.5,
2001-02-28,LKA,,,,44.5,
2001-03-31,LKA,,,,44.5,
2001-04-30,LKA,,,,44.5,
2001-05-31,LKA,,,,44.5,
2001-06-30,LKA,,,,44.5,
2001-07-31,LKA,,15.51,47.16,44.5,35.72
2001-08-31,LKA,,15.51,47.16,44.5,35.72
2001-09-30,LKA,,15.51,47.16,44.5,35.72
2001-10-31,LKA,,15.51,47.16,44.5,35.72
2001-11-30,LKA,,15.51,47.16,44.5,35.72
2001-12-31,LKA,,15.51,47.16,44.5,35.72
2002-01-31,LKA,,15.51,47.16,43.96,35.54
2002-02-28,LKA,,15.51,47.16,43.96,35.54
2002-03-31,LKA,,15.51,47.16,43.96,35.54
2002-04-30,LKA,,15.51,47.16,43.96,35.54
2002-05-31,LKA,,15.51,47.16,43.96,35.54
2002-06-30,LKA,,15.51,47.16,43.96,35.54
2002-07-31,LKA,,14.59,59.09,43.96,39.22
2002-08-31,LKA,,14.59,59.09,43.96,39.22
2002-09-30,LKA,,14.59,59.09,43.96,39.22
2002-10-31,LKA,,14.59,59.09,43.96,39.22
2002-11-30,LKA,,14.59,59.09,43.96,39.22
2002-12-31,LKA,,14.59,59.09,43.96,39.22
2003-01-31,LKA,,14.59,59.09,44.33,39.34
2003-02-28,LKA,,14.59,59.09,44.33,39.34
2003-03-31,LKA,,14.59,59.09,44.33,39.34
2003-04-30,LKA,,14.59,59.09,44.33,39.34
2003-05-31,LKA,,14.59,59.09,44.33,39.34
2003-06-30,LKA,,14.59,59.09,44.33,39.34
2003-07-31,LKA,,15.52,48.24,44.33,36.03
2003-08-31,LKA,,15.52,48.24,44.33,36.03
2003-09-30,LKA,,15.52,48.24,44.33,36.03
2003-10-31,LKA,,15.52,48.24,44.33,36.03
2003-11-30,LKA,,15.52,48.24,44.33,36.03
2003-12-31,LKA,,15.52,48.24,44.33,36.03
2004-01-31,LKA,0.25,15.52,48.24,41.04,26.26
2004-02-29,LKA,0.26,15.52,48.24,41.04,26.27
2004-03-31,LKA,0.27,15.52,48.24,41.04,26.27
2004-04-30,LKA,0.24,15.52,48.24,41.04,26.26
2004-05-31,LKA,0.2,15.52,48.24,41.04,26.25
2004-06-30,LKA,0.2,15.52,48.24,41.04,26.25
2004-07-31,LKA,0.2,13.72,41.91,41.04,24.22
2004-08-31,LKA,0.22,13.72,41.91,41.04,24.22
2004-09-30,LKA,0.16,13.72,41.91,41.04,24.21
2004-10-31,LKA,0.13,13.72,41.91,41.04,24.2
2004-11-30,LKA,0.11,13.72,41.91,41.04,24.2
2004-12-31,LKA,9.54,13.72,41.91,41.04,26.55
2005-01-31,LKA,6.75,13.72,41.91,42.49,26.22
2005-02-28,LKA,6.07,13.72,41.91,42.49,26.05
2005-03-31,LKA,6.6,13.72,41.91,42.49,26.18
2005-04-30,LKA,6.33,13.72,41.91,42.49,26.11
2005-05-31,LKA,5.9,13.72,41.91,42.49,26.01
2005-06-30,LKA,4.41,13.72,41.91,42.49,25.63
2005-07-31,LKA,4.19,13.78,45.73,42.49,26.54
2005-08-31,LKA,4.75,13.78,45.73,42.49,26.69
2005-09-30,LKA,4.45,13.78,45.73,42.49,26.61
2005-10-31,LKA,4.46,13.78,45.73,42.49,26.61
2005-11-30,LKA,4.17,13.78,45.73,42.49,26.54
2005-12-31,LKA,4.37,13.78,45.73,42.49,26.59
2006-01-31,LKA,6.84,13.78,45.73,42.0,27.08
2006-02-28,LKA,7.06,13.78,45.73,42.0,27.14
2006-03-31,LKA,7.12,13.78,45.73,42.0,27.16
2006-04-30,LKA,6.95,13.78,45.73,42.0,27.11
2006-05-31,LKA,7.57,13.78,45.73,42.0,27.27
2006-06-30,LKA,5.77,13.78,45.73,42.0,26.82
2006-07-31,LKA,5.86,8.96,47.2,42.0,26.01
2006-08-31,LKA,7.1,8.96,47.2,42.0,26.32
2006-09-30,LKA,7.68,8.96,47.2,42.0,26.46
2006-10-31,LKA,8.84,8.96,47.2,42.0,26.75
2006-11-30,LKA,7.23,8.96,47.2,42.0,26.35
2006-12-31,LKA,6.61,8.96,47.2,42.0,26.19
2007-01-31,LKA,7.07,8.96,47.2,43.05,26.57
2007-02-28,LKA,6.93,8.96,47.2,43.05,26.54
2007-03-31,LKA,6.91,8.96,47.2,43.05,26.53
2007-04-30,LKA,7.56,8.96,47.2,43.05,26.69
2007-05-31,LKA,8.71,8.96,47.2,43.05,26.98
2007-06-30,LKA,10.91,8.96,47.2,43.05,27.53
2007-07-31,LKA,10.72,12.41,46.04,43.05,28.06
2007-08-31,LKA,9.64,12.41,46.04,43.05,27.79
2007-09-30,LKA,8.99,12.41,46.04,43.05,27.62
2007-10-31,LKA,6.42,12.41,46.04,43.05,26.98
2007-11-30,LKA,7.74,12.41,46.04,43.05,27.31
2007-12-31,LKA,8.29,12.41,46.04,43.05,27.45
2008-01-31,LKA,7.41,12.41,46.04,44.09,27.49
2008-02-29,LKA,6.24,12.41,46.04,44.09,27.2
2008-03-31,LKA,7.03,12.41,46.04,44.09,27.39
2008-04-30,LKA,6.0,12.41,46.04,44.09,27.14
2008-05-31,LKA,5.57,12.41,46.04,44.09,27.03
2008-06-30,LKA,4.48,12.41,46.04,44.09,26.76
2008-07-31,LKA,4.31,13.4,50.61,44.09,28.1
2008-08-31,LKA,3.96,13.4,50.61,44.09,28.02
2008-09-30,LKA,3.64,13.4,50.61,44.09,27.94
2008-10-31,LKA,6.14,13.4,50.61,44.09,28.56
2008-11-30,LKA,6.22,13.4,50.61,44.09,28.58
2008-12-31,LKA,7.48,13.4,50.61,44.09,28.9
2009-01-31,LKA,7.72,13.4,50.61,44.7,29.11
2009-02-28,LKA,10.11,13.4,50.61,44.7,29.71
2009-03-31,LKA,9.84,13.4,50.61,44.7,29.64
2009-04-30,LKA,12.16,13.4,50.61,44.7,30.22
2009-05-31,LKA,8.81,13.4,50.61,44.7,29.38
2009-06-30,LKA,9.93,13.4,50.61,44.7,29.66
2009-07-31,LKA,9.84,15.41,60.96,44.7,32.73
2009-08-31,LKA,8.54,15.41,60.96,44.7,32.4
2009-09-30,LKA,8.83,15.41,60.96,44.7,32.48
2009-10-31,LKA,7.54,15.41,60.96,44.7,32.15
2009-11-30,LKA,8.46,15.41,60.96,44.7,32.38
2009-12-31,LKA,6.87,15.41,60.96,44.7,31.99
2010-01-31,LKA,7.06,15.41,60.96,44.61,32.01
2010-02-28,LKA,5.88,15.41,60.96,44.61,31.72
2010-03-31,LKA,5.15,15.41,60.96,44.61,31.54
2010-04-30,LKA,3.14,15.41,60.96,44.61,31.03
2010-05-31,LKA,5.38,15.41,60.96,44.61,31.59
2010-06-30,LKA,5.2,15.41,60.96,44.61,31.55
2010-07-31,LKA,4.79,20.06,40.19,44.61,27.42
2010-08-31,LKA,4.35,20.06,40.19,44.61,27.3
2010-09-30,LKA,5.75,20.06,40.19,44.61,27.65
2010-10-31,LKA,5.43,20.06,40.19,44.61,27.58
2010-11-30,LKA,4.67,20.06,40.19,44.61,27.39
2010-12-31,LKA,4.53,20.06,40.19,44.61,27.35
2011-01-31,LKA,4.53,20.06,40.19,44.68,27.37
2011-02-28,LKA,4.45,20.06,40.19,44.68,27.35
2011-03-31,LKA,4.49,20.06,40.19,44.68,27.36
2011-04-30,LKA,4.19,20.06,40.19,44.68,27.28
2011-05-31,LKA,2.95,20.06,40.19,44.68,26.97
2011-06-30,LKA,4.3,20.06,40.19,44.68,27.31
2011-07-31,LKA,4.46,20.89,37.46,44.68,26.87
2011-08-31,LKA,6.24,20.89,37.46,44.68,27.32
2011-09-30,LKA,5.33,20.89,37.46,44.68,27.09
2011-10-31,LKA,5.3,20.89,37.46,44.68,27.08
2011-11-30,LKA,7.12,20.89,37.46,44.68,27.54
2011-12-31,LKA,7.29,20.89,37.46,44.68,27.58
2012-01-31,LKA,7.06,20.89,37.46,47.32,28.18
2012-02-29,LKA,10.36,20.89,37.46,47.32,29.01
2012-03-31,LKA,13.5,20.89,37.46,47.32,29.79
2012-04-30,LKA,15.06,20.89,37.46,47.32,30.18
2012-05-31,LKA,17.15,20.89,37.46,47.32,30.71
2012-06-30,LKA,16.76,20.89,37.46,47.32,30.61
2012-07-31,LKA,16.02,18.89,42.04,47.32,31.07
2012-08-31,LKA,15.83,18.89,42.04,47.32,31.02
2012-09-30,LKA,14.35,18.89,42.04,47.32,30.65
2012-10-31,LKA,14.61,18.89,42.04,47.32,30.72
2012-11-30,LKA,12.81,18.89,42.04,47.32,30.27
2012-12-31,LKA,11.46,18.89,42.04,47.32,29.93
2013-01-31,LKA,11.24,18.89,42.04,47.55,29.93
2013-02-28,LKA,8.19,18.89,42.04,47.55,29.17
2013-03-31,LKA,5.33,18.89,42.04,47.55,28.45
2013-04-30,LKA,3.37,18.89,42.04,47.55,27.96
2013-05-31,LKA,3.7,18.89,42.04,47.55,28.04
2013-06-30,LKA,4.44,18.89,42.04,47.55,28.23
2013-07-31,LKA,5.61,26.36,41.88,47.55,30.35
2013-08-31,LKA,6.1,26.36,41.88,47.55,30.47
2013-09-30,LKA,6.66,26.36,41.88,47.55,30.61
2013-10-31,LKA,6.21,26.36,41.88,47.55,30.5
2013-11-30,LKA,6.12,26.36,41.88,47.55,30.47
2013-12-31,LKA,7.11,26.36,41.88,47.55,30.72
2014-01-31,LKA,7.13,26.36,41.88,48.19,30.89
2014-02-28,LKA,7.0,26.36,41.88,48.19,30.86
2014-03-31,LKA,7.11,26.36,41.88,48.19,30.88
2014-04-30,LKA,8.01,26.36,41.88,48.19,31.11
2014-05-31,LKA,7.08,26.36,41.88,48.19,30.88
2014-06-30,LKA,5.45,26.36,41.88,48.19,30.47
2014-07-31,LKA,5.07,24.17,45.46,48.19,30.72
2014-08-31,LKA,4.32,24.17,45.46,48.19,30.54
2014-09-30,LKA,4.29,24.17,45.46,48.19,30.53
2014-10-31,LKA,5.67,24.17,45.46,48.19,30.87
2014-11-30,LKA,5.68,24.17,45.46,48.19,30.87
2014-12-31,LKA,5.78,24.17,45.46,48.19,30.9
2015-01-31,LKA,4.99,24.17,45.46,48.15,30.69
2015-02-28,LKA,5.2,24.17,45.46,48.15,30.75
2015-03-31,LKA,5.26,24.17,45.46,48.15,30.76
2015-04-30,LKA,5.36,24.17,45.46,48.15,30.78
2015-05-31,LKA,5.79,24.17,45.46,48.15,30.89
2015-06-30,LKA,5.76,24.17,45.46,48.15,30.88
2015-07-31,LKA,5.65,36.78,39.32,48.15,32.47
2015-08-31,LKA,5.94,36.78,39.32,48.15,32.55
2015-09-30,LKA,9.24,36.78,39.32,48.15,33.37
2015-10-31,LKA,8.31,36.78,39.32,48.15,33.14
2015-11-30,LKA,8.95,36.78,39.32,48.15,33.3
2015-12-31,LKA,9.65,36.78,39.32,48.15,33.48
2016-01-31,LKA,10.01,36.78,39.32,46.45,33.14
2016-02-29,LKA,10.0,36.78,39.32,46.45,33.14
2016-03-31,LKA,11.4,36.78,39.32,46.45,33.49
2016-04-30,LKA,10.59,36.78,39.32,46.45,33.29
2016-05-31,LKA,10.53,36.78,39.32,46.45,33.27
2016-06-30,LKA,10.94,36.78,39.32,46.45,33.37
2016-07-31,LKA,10.27,31.26,42.86,46.45,32.71
2016-08-31,LKA,9.89,31.26,42.86,46.45,32.62
2016-09-30,LKA,7.66,31.26,42.86,46.45,32.06
2016-10-31,LKA,8.26,31.26,42.86,46.45,32.21
2016-11-30,LKA,7.55,31.26,42.86,46.45,32.03
2016-12-31,LKA,7.23,31.26,42.86,46.45,31.95
2017-01-31,LKA,7.99,31.26,42.86,46.43,32.14
2017-02-28,LKA,8.75,31.26,42.86,46.43,32.33
2017-03-31,LKA,7.13,31.26,42.86,46.43,31.92
2017-04-30,LKA,7.98,31.26,42.86,46.43,32.13
2017-05-31,LKA,7.7,31.26,42.86,46.43,32.06
2017-06-30,LKA,7.35,31.26,42.86,46.43,31.98
2017-07-31,LKA,8.48,28.74,42.86,46.43,31.63
2017-08-31,LKA,8.55,28.74,42.86,46.43,31.65
2017-09-30,LKA,7.96,28.74,42.86,46.43,31.5
2017-10-31,LKA,7.49,28.74,42.86,46.43,31.38
2017-11-30,LKA,7.7,28.74,42.86,46.43,31.43
2017-12-31,LKA,7.17,28.74,42.86,46.43,31.3
2018-01-31,LKA,7.85,28.74,42.86,46.66,31.53
2018-02-28,LKA,7.28,28.74,42.86,46.66,31.39
2018-03-31,LKA,7.87,28.74,42.86,46.66,31.53
2018-04-30,LKA,8.44,28.74,42.86,46.66,31.68
2018-05-31,LKA,8.45,28.74,42.86,46.66,31.68
2018-06-30,LKA,8.52,28.74,42.86,46.66,31.7
2018-07-31,LKA,8.62,34.96,43.42,46.66,33.42
2018-08-31,LKA,9.24,34.96,43.42,46.66,33.57
2018-09-30,LKA,12.04,34.96,43.42,46.66,34.27
2018-10-31,LKA,12.71,34.96,43.42,46.66,34.44
2018-11-30,LKA,14.96,34.96,43.42,46.66,35.0
2018-12-31,LKA,16.13,34.96,43.42,46.66,35.3
2019-01-31,LKA,14.42,34.96,43.42,45.36,34.54
2019-02-28,LKA,13.65,34.96,43.42,45.36,34.35
2019-03-31,LKA,12.27,34.96,43.42,45.36,34.0
2019-04-30,LKA,10.28,34.96,43.42,45.36,33.51
2019-05-31,LKA,11.51,34.96,43.42,45.36,33.81
2019-06-30,LKA,11.47,34.96,43.42,45.36,33.8
2019-07-31,LKA,10.88,38.61,45.13,45.36,34.99
2019-08-31,LKA,11.54,38.61,45.13,45.36,35.16
2019-09-30,LKA,9.39,38.61,45.13,45.36,34.62
2019-10-31,LKA,7.51,38.61,45.13,45.36,34.15
2019-11-30,LKA,5.08,38.61,45.13,45.36,33.55
2019-12-31,LKA,4.43,38.61,45.13,45.36,33.38
2020-01-31,LKA,4.82,38.61,45.13,41.17,32.43
2020-02-29,LKA,5.15,38.61,45.13,41.17,32.52
2020-03-31,LKA,7.48,38.61,45.13,41.17,33.1
2020-04-30,LKA,10.43,38.61,45.13,41.17,33.84
2020-05-31,LKA,7.58,38.61,45.13,41.17,33.12
2020-06-30,LKA,7.4,38.61,45.13,41.17,33.08
2020-07-31,LKA,7.42,43.36,48.0,41.17,34.99
2020-08-31,LKA,6.27,43.36,48.0,41.17,34.7
2020-09-30,LKA,5.67,43.36,48.0,41.17,34.55
2020-10-31,LKA,6.5,43.36,48.0,41.17,34.76
2020-11-30,LKA,6.75,43.36,48.0,41.17,34.82
2020-12-31,LKA,7.38,43.36,48.0,41.17,34.98
2021-01-31,LKA,8.73,43.36,48.0,36.67,34.19
2021-02-28,LKA,9.24,43.36,48.0,36.67,34.32
2021-03-31,LKA,9.18,43.36,48.0,36.67,34.3
2021-04-30,LKA,6.58,43.36,48.0,36.67,33.65
2021-05-31,LKA,9.05,43.36,48.0,36.67,34.27
2021-06-30,LKA,9.23,43.36,48.0,36.67,34.31
2021-07-31,LKA,9.18,51.21,55.02,36.67,38.02
2021-08-31,LKA,9.08,51.21,55.02,36.67,38.0
2021-09-30,LKA,9.42,51.21,55.02,36.67,38.08
2021-10-31,LKA,10.14,51.21,55.02,36.67,38.26
2021-11-30,LKA,10.16,51.21,55.02,36.67,38.27
2021-12-31,LKA,9.41,51.21,55.02,36.67,38.08
2022-01-31,LKA,7.89,51.21,55.02,32.7,36.71
2022-02-28,LKA,7.53,51.21,55.02,32.7,36.62
2022-03-31,LKA,30.64,51.21,55.02,32.7,42.4
2022-04-30,LKA,45.98,51.21,55.02,32.7,46.23
2022-05-31,LKA,45.72,51.21,55.02,32.7,46.16
2022-06-30,LKA,46.29,51.21,55.02,32.7,46.31
2022-07-31,LKA,47.22,47.84,48.71,32.7,44.12
2022-08-31,LKA,45.62,47.84,48.71,32.7,43.72
2022-09-30,LKA,46.93,47.84,48.71,32.7,44.04
2022-10-31,LKA,46.57,47.84,48.71,32.7,43.96
2022-11-30,LKA,46.76,47.84,48.71,32.7,44.0
2022-12-31,LKA,45.63,47.84,48.71,32.7,43.72
2023-01-31,LKA,45.7,47.84,48.71,36.34,44.65
2023-02-28,LKA,45.5,47.84,48.71,36.34,44.6
2023-03-31,LKA,10.84,47.84,48.71,36.34,35.93
2023-04-30,LKA,2.12,47.84,48.71,36.34,33.75
2023-05-31,LKA,0.65,47.84,48.71,36.34,33.38
2023-06-30,LKA,0.52,47.84,48.71,36.34,33.35
2023-07-31,LKA,1.25,32.96,80.91,36.34,37.87
2023-08-31,LKA,0.7,32.96,80.91,36.34,37.73
2023-09-30,LKA,0.3,32.96,80.91,36.34,37.63
2023-10-31,LKA,33.47,32.96,80.91,36.34,45.92
2023-11-30,LKA,29.43,32.96,80.91,36.34,44.91
2023-12-31,LKA,26.0,32.96,80.91,36.34,44.05
2024-01-31,LKA,20.29,32.96,80.91,37.65,42.95
2024-02-29,LKA,17.23,32.96,80.91,37.65,42.19
2024-03-31,LKA,13.26,32.96,80.91,37.65,41.2
2024-04-30,LKA,13.94,32.96,80.91,37.65,41.37
2024-05-31,LKA,16.0,32.96,80.91,37.65,41.88
2024-06-30,LKA,23.07,32.96,80.91,37.65,43.65
2024-07-31,LKA,23.83,27.93,59.77,37.65,37.29
2024-08-31,LKA,26.5,27.93,59.77,37.65,37.96
2024-09-30,LKA,25.28,27.93,59.77,37.65,37.66
2024-10-31,LKA,13.3,27.93,59.77,37.65,34.66
2024-11-30,LKA,17.28,27.93,59.77,37.65,35.66
2024-12-31,LKA,18.12,27.93,59.77,37.65,35.87
2025-01-31,LKA,22.15,27.93,59.77,36.02,36.47
2025-02-28,LKA,19.97,27.93,59.77,36.02,35.92
2025-03-31,LKA,25.27,27.93,59.77,36.02,37.25
2025-04-30,LKA,40.65,27.93,59.77,36.02,41.09
2025-05-31,LKA,30.85,27.93,59.77,36.02,38.64
2025-06-30,LKA,22.43,27.93,59.77,36.02,36.54
2025-07-31,LKA,5.97,36.76,37.98,36.02,29.18
2025-08-31,LKA,12.45,36.76,37.98,36.02,30.8
2025-09-30,LKA,11.86,36.76,37.98,36.02,30.65
2025-10-31,LKA,19.55,36.76,37.98,36.02,32.58
2025-11-30,LKA,24.87,36.76,37.98,36.02,33.91
2025-12-31,LKA,25.71,36.76,37.98,36.02,34.12
2026-01-31,LKA,20.35,36.76,37.98,35.58,32.67
2026-02-28,LKA,21.48,36.76,37.98,35.58,32.95
2026-03-31,LKA,33.66,36.76,37.98,35.58,36.0
2026-04-30,LKA,20.68,36.76,37.98,35.58,32.75
2026-05-31,LKA,17.3,36.76,37.98,35.58,31.91
2026-06-30,LKA,13.51,36.76,37.98,35.58,30.96
2026-07-31,LKA,22.65,36.76,37.38,35.58,33.09
2026-08-31,LKA,16.67,36.76,37.38,35.58,31.6
2026-09-30,LKA,18.85,36.76,37.38,35.58,32.15
2000-01-31,BGD,,,,98.52,
2000-02-29,BGD,,,,98.52,
2000-03-31,BGD,,,,98.52,
2000-04-30,BGD,,,,98.52,
2000-05-31,BGD,,,,98.52,
2000-06-30,BGD,,,,98.52,
2000-07-31,BGD,,,,98.52,
2000-08-31,BGD,,,,98.52,
2000-09-30,BGD,,,,98.52,
2000-10-31,BGD,,,,98.52,
2000-11-30,BGD,,,,98.52,
2000-12-31,BGD,,,,98.52,
2001-01-31,BGD,,,,97.52,
2001-02-28,BGD,,,,97.52,
2001-03-31,BGD,,,,97.52,
2001-04-30,BGD,,,,97.52,
2001-05-31,BGD,,,,97.52,
2001-06-30,BGD,,,,97.52,
2001-07-31,BGD,,10.98,41.95,97.52,50.15
2001-08-31,BGD,,10.98,41.95,97.52,50.15
2001-09-30,BGD,,10.98,41.95,97.52,50.15
2001-10-31,BGD,,10.98,41.95,97.52,50.15
2001-11-30,BGD,,10.98,41.95,97.52,50.15
2001-12-31,BGD,,10.98,41.95,97.52,50.15
2002-01-31,BGD,,10.98,41.95,96.24,49.73
2002-02-28,BGD,,10.98,41.95,96.24,49.73
2002-03-31,BGD,,10.98,41.95,96.24,49.73
2002-04-30,BGD,,10.98,41.95,96.24,49.73
2002-05-31,BGD,,10.98,41.95,96.24,49.73
2002-06-30,BGD,,10.98,41.95,96.24,49.73
2002-07-31,BGD,,10.31,42.6,96.24,49.72
2002-08-31,BGD,,10.31,42.6,96.24,49.72
2002-09-30,BGD,,10.31,42.6,96.24,49.72
2002-10-31,BGD,,10.31,42.6,96.24,49.72
2002-11-30,BGD,,10.31,42.6,96.24,49.72
2002-12-31,BGD,,10.31,42.6,96.24,49.72
2003-01-31,BGD,,10.31,42.6,96.95,49.96
2003-02-28,BGD,,10.31,42.6,96.95,49.96
2003-03-31,BGD,,10.31,42.6,96.95,49.96
2003-04-30,BGD,12.44,10.31,42.6,96.95,40.58
2003-05-31,BGD,12.44,10.31,42.6,96.95,40.58
2003-06-30,BGD,12.44,10.31,42.6,96.95,40.58
2003-07-31,BGD,12.44,11.05,43.12,96.95,40.89
2003-08-31,BGD,12.44,11.05,43.12,96.95,40.89
2003-09-30,BGD,12.44,11.05,43.12,96.95,40.89
2003-10-31,BGD,12.44,11.05,43.12,96.95,40.89
2003-11-30,BGD,12.44,11.05,43.12,96.95,40.89
2003-12-31,BGD,10.39,11.05,43.12,96.95,40.38
2004-01-31,BGD,4.89,11.05,43.12,95.55,38.65
2004-02-29,BGD,5.06,11.05,43.12,95.55,38.7
2004-03-31,BGD,5.12,11.05,43.12,95.55,38.71
2004-04-30,BGD,4.75,11.05,43.12,95.55,38.62
2004-05-31,BGD,5.85,11.05,43.12,95.55,38.89
2004-06-30,BGD,5.16,11.05,43.12,95.55,38.72
2004-07-31,BGD,5.59,9.39,43.58,95.55,38.53
2004-08-31,BGD,5.2,9.39,43.58,95.55,38.43
2004-09-30,BGD,5.19,9.39,43.58,95.55,38.43
2004-10-31,BGD,5.42,9.39,43.58,95.55,38.49
2004-11-30,BGD,5.91,9.39,43.58,95.55,38.61
2004-12-31,BGD,6.81,9.39,43.58,95.55,38.83
2005-01-31,BGD,7.23,9.39,43.58,95.66,38.97
2005-02-28,BGD,9.02,9.39,43.58,95.66,39.41
2005-03-31,BGD,10.96,9.39,43.58,95.66,39.9
2005-04-30,BGD,10.99,9.39,43.58,95.66,39.9
2005-05-31,BGD,10.06,9.39,43.58,95.66,39.67
2005-06-30,BGD,11.01,9.39,43.58,95.66,39.91
2005-07-31,BGD,11.32,8.93,44.6,95.66,40.13
2005-08-31,BGD,10.09,8.93,44.6,95.66,39.82
2005-09-30,BGD,12.64,8.93,44.6,95.66,40.46
2005-10-31,BGD,12.57,8.93,44.6,95.66,40.44
2005-11-30,BGD,11.84,8.93,44.6,95.66,40.26
2005-12-31,BGD,12.17,8.93,44.6,95.66,40.34
2006-01-31,BGD,12.08,8.93,44.6,95.48,40.27
2006-02-28,BGD,10.95,8.93,44.6,95.48,39.99
2006-03-31,BGD,8.74,8.93,44.6,95.48,39.44
2006-04-30,BGD,8.08,8.93,44.6,95.48,39.27
2006-05-31,BGD,8.93,8.93,44.6,95.48,39.48
2006-06-30,BGD,8.25,8.93,44.6,95.48,39.31
2006-07-31,BGD,7.54,8.94,43.56,95.48,38.88
2006-08-31,BGD,9.58,8.94,43.56,95.48,39.39
2006-09-30,BGD,3.9,8.94,43.56,95.48,37.97
2006-10-31,BGD,5.02,8.94,43.56,95.48,38.25
2006-11-30,BGD,5.94,8.94,43.56,95.48,38.48
2006-12-31,BGD,6.29,8.94,43.56,95.48,38.57
2007-01-31,BGD,5.98,8.94,43.56,94.1,38.14
2007-02-28,BGD,5.01,8.94,43.56,94.1,37.9
2007-03-31,BGD,5.0,8.94,43.56,94.1,37.9
2007-04-30,BGD,6.13,8.94,43.56,94.1,38.18
2007-05-31,BGD,5.79,8.94,43.56,94.1,38.1
2007-06-30,BGD,6.05,8.94,43.56,94.1,38.16
2007-07-31,BGD,5.85,6.66,41.67,94.1,37.07
2007-08-31,BGD,5.56,6.66,41.67,94.1,37.0
2007-09-30,BGD,8.67,6.66,41.67,94.1,37.78
2007-10-31,BGD,7.35,6.66,41.67,94.1,37.45
2007-11-30,BGD,6.68,6.66,41.67,94.1,37.28
2007-12-31,BGD,6.04,6.66,41.67,94.1,37.12
2008-01-31,BGD,6.09,6.66,41.67,91.63,36.51
2008-02-29,BGD,5.96,6.66,41.67,91.63,36.48
2008-03-31,BGD,6.8,6.66,41.67,91.63,36.69
2008-04-30,BGD,6.15,6.66,41.67,91.63,36.53
2008-05-31,BGD,5.62,6.66,41.67,91.63,36.4
2008-06-30,BGD,5.75,6.66,41.67,91.63,36.43
2008-07-31,BGD,5.96,7.84,42.68,91.63,37.03
2008-08-31,BGD,5.98,7.84,42.68,91.63,37.03
2008-09-30,BGD,6.03,7.84,42.68,91.63,37.04
2008-10-31,BGD,6.84,7.84,42.68,91.63,37.25
2008-11-30,BGD,6.3,7.84,42.68,91.63,37.11
2008-12-31,BGD,6.67,7.84,42.68,91.63,37.21
2009-01-31,BGD,6.19,7.84,42.68,95.35,38.01
2009-02-28,BGD,6.37,7.84,42.68,95.35,38.06
2009-03-31,BGD,5.73,7.84,42.68,95.35,37.9
2009-04-30,BGD,5.73,7.84,42.68,95.35,37.9
2009-05-31,BGD,5.6,7.84,42.68,95.35,37.87
2009-06-30,BGD,5.89,7.84,42.68,95.35,37.94
2009-07-31,BGD,5.85,5.99,44.37,95.35,37.89
2009-08-31,BGD,5.57,5.99,44.37,95.35,37.82
2009-09-30,BGD,6.02,5.99,44.37,95.35,37.93
2009-10-31,BGD,5.74,5.99,44.37,95.35,37.86
2009-11-30,BGD,5.68,5.99,44.37,95.35,37.85
2009-12-31,BGD,5.66,5.99,44.37,95.35,37.84
2010-01-31,BGD,5.81,5.99,44.37,93.04,37.31
2010-02-28,BGD,5.76,5.99,44.37,93.04,37.29
2010-03-31,BGD,5.72,5.99,44.37,93.04,37.28
2010-04-30,BGD,5.73,5.99,44.37,93.04,37.29
2010-05-31,BGD,5.66,5.99,44.37,93.04,37.27
2010-06-30,BGD,5.79,5.99,44.37,93.04,37.3
2010-07-31,BGD,5.84,6.38,38.28,93.04,35.89
2010-08-31,BGD,5.79,6.38,38.28,93.04,35.87
2010-09-30,BGD,5.8,6.38,38.28,93.04,35.88
2010-10-31,BGD,6.82,6.38,38.28,93.04,36.13
2010-11-30,BGD,7.02,6.38,38.28,93.04,36.18
2010-12-31,BGD,6.74,6.38,38.28,93.04,36.11
2011-01-31,BGD,6.9,6.38,38.28,92.32,35.97
2011-02-28,BGD,7.06,6.38,38.28,92.32,36.01
2011-03-31,BGD,8.04,6.38,38.28,92.32,36.25
2011-04-30,BGD,8.32,6.38,38.28,92.32,36.32
2011-05-31,BGD,8.61,6.38,38.28,92.32,36.4
2011-06-30,BGD,9.12,6.38,38.28,92.32,36.53
2011-07-31,BGD,9.45,4.93,41.55,92.32,37.06
2011-08-31,BGD,8.97,4.93,41.55,92.32,36.94
2011-09-30,BGD,9.81,4.93,41.55,92.32,37.15
2011-10-31,BGD,9.5,4.93,41.55,92.32,37.07
2011-11-30,BGD,10.33,4.93,41.55,92.32,37.28
2011-12-31,BGD,13.58,4.93,41.55,92.32,38.09
2012-01-31,BGD,15.43,4.93,41.55,91.41,38.33
2012-02-29,BGD,13.95,4.93,41.55,91.41,37.96
2012-03-31,BGD,12.78,4.93,41.55,91.41,37.66
2012-04-30,BGD,12.07,4.93,41.55,91.41,37.49
2012-05-31,BGD,11.67,4.93,41.55,91.41,37.39
2012-06-30,BGD,10.64,4.93,41.55,91.41,37.13
2012-07-31,BGD,10.23,5.06,46.07,91.41,38.19
2012-08-31,BGD,10.81,5.06,46.07,91.41,38.34
2012-09-30,BGD,9.66,5.06,46.07,91.41,38.05
2012-10-31,BGD,8.85,5.06,46.07,91.41,37.85
2012-11-30,BGD,8.32,5.06,46.07,91.41,37.71
2012-12-31,BGD,4.84,5.06,46.07,91.41,36.85
2013-01-31,BGD,2.86,5.06,46.07,91.14,36.28
2013-02-28,BGD,4.01,5.06,46.07,91.14,36.57
2013-03-31,BGD,3.49,5.06,46.07,91.14,36.44
2013-04-30,BGD,3.28,5.06,46.07,91.14,36.39
2013-05-31,BGD,3.0,5.06,46.07,91.14,36.32
2013-06-30,BGD,3.21,5.06,46.07,91.14,36.37
2013-07-31,BGD,3.48,6.0,39.57,91.14,35.05
2013-08-31,BGD,3.31,6.0,39.57,91.14,35.01
2013-09-30,BGD,3.54,6.0,39.57,91.14,35.06
2013-10-31,BGD,3.34,6.0,39.57,91.14,35.01
2013-11-30,BGD,3.43,6.0,39.57,91.14,35.04
2013-12-31,BGD,4.4,6.0,39.57,91.14,35.28
2014-01-31,BGD,4.61,6.0,39.57,87.65,34.46
2014-02-28,BGD,4.78,6.0,39.57,87.65,34.5
2014-03-31,BGD,5.3,6.0,39.57,87.65,34.63
2014-04-30,BGD,5.34,6.0,39.57,87.65,34.64
2014-05-31,BGD,5.37,6.0,39.57,87.65,34.65
2014-06-30,BGD,5.5,6.0,39.57,87.65,34.68
2014-07-31,BGD,5.2,7.12,39.95,87.65,34.98
2014-08-31,BGD,5.17,7.12,39.95,87.65,34.97
2014-09-30,BGD,5.49,7.12,39.95,87.65,35.05
2014-10-31,BGD,6.01,7.12,39.95,87.65,35.18
2014-11-30,BGD,5.47,7.12,39.95,87.65,35.05
2014-12-31,BGD,5.28,7.12,39.95,87.65,35.0
2015-01-31,BGD,5.18,7.12,39.95,87.62,34.97
2015-02-28,BGD,5.49,7.12,39.95,87.62,35.04
2015-03-31,BGD,5.39,7.12,39.95,87.62,35.02
2015-04-30,BGD,5.55,7.12,39.95,87.62,35.06
2015-05-31,BGD,5.58,7.12,39.95,87.62,35.07
2015-06-30,BGD,5.51,7.12,39.95,87.62,35.05
2015-07-31,BGD,5.43,8.1,38.97,87.62,35.03
2015-08-31,BGD,5.78,8.1,38.97,87.62,35.12
2015-09-30,BGD,5.52,8.1,38.97,87.62,35.06
2015-10-31,BGD,5.42,8.1,38.97,87.62,35.03
2015-11-30,BGD,5.48,8.1,38.97,87.62,35.05
2015-12-31,BGD,6.09,8.1,38.97,87.62,35.2
2016-01-31,BGD,6.28,8.1,38.97,89.5,35.71
2016-02-29,BGD,6.06,8.1,38.97,89.5,35.66
2016-03-31,BGD,5.93,8.1,38.97,89.5,35.63
2016-04-30,BGD,5.94,8.1,38.97,89.5,35.63
2016-05-31,BGD,6.09,8.1,38.97,89.5,35.67
2016-06-30,BGD,6.05,8.1,38.97,89.5,35.66
2016-07-31,BGD,6.07,6.66,35.62,89.5,34.46
2016-08-31,BGD,5.94,6.66,35.62,89.5,34.43
2016-09-30,BGD,6.04,6.66,35.62,89.5,34.46
2016-10-31,BGD,6.06,6.66,35.62,89.5,34.46
2016-11-30,BGD,6.85,6.66,35.62,89.5,34.66
2016-12-31,BGD,5.77,6.66,35.62,89.5,34.39
2017-01-31,BGD,6.44,6.66,35.62,85.18,33.47
2017-02-28,BGD,6.89,6.66,35.62,85.18,33.59
2017-03-31,BGD,7.15,6.66,35.62,85.18,33.65
2017-04-30,BGD,8.53,6.66,35.62,85.18,34.0
2017-05-31,BGD,7.19,6.66,35.62,85.18,33.66
2017-06-30,BGD,7.02,6.66,35.62,85.18,33.62
2017-07-31,BGD,7.23,5.69,33.8,85.18,32.97
2017-08-31,BGD,7.91,5.69,33.8,85.18,33.14
2017-09-30,BGD,7.32,5.69,33.8,85.18,32.99
2017-10-31,BGD,8.87,5.69,33.8,85.18,33.38
2017-11-30,BGD,9.77,5.69,33.8,85.18,33.61
2017-12-31,BGD,8.79,5.69,33.8,85.18,33.36
2018-01-31,BGD,9.29,5.69,33.8,83.07,32.96
2018-02-28,BGD,8.72,5.69,33.8,83.07,32.82
2018-03-31,BGD,8.41,5.69,33.8,83.07,32.74
2018-04-30,BGD,6.9,5.69,33.8,83.07,32.36
2018-05-31,BGD,7.97,5.69,33.8,83.07,32.63
2018-06-30,BGD,7.86,5.69,33.8,83.07,32.6
2018-07-31,BGD,7.83,6.84,36.85,83.07,33.65
2018-08-31,BGD,6.68,6.84,36.85,83.07,33.36
2018-09-30,BGD,7.57,6.84,36.85,83.07,33.58
2018-10-31,BGD,5.85,6.84,36.85,83.07,33.15
2018-11-30,BGD,4.76,6.84,36.85,83.07,32.88
2018-12-31,BGD,5.9,6.84,36.85,83.07,33.16
2019-01-31,BGD,4.75,6.84,36.85,81.8,32.56
2019-02-28,BGD,5.0,6.84,36.85,81.8,32.62
2019-03-31,BGD,5.24,6.84,36.85,81.8,32.68
2019-04-30,BGD,5.07,6.84,36.85,81.8,32.64
2019-05-31,BGD,5.55,6.84,36.85,81.8,32.76
2019-06-30,BGD,5.61,6.84,36.85,81.8,32.78
2019-07-31,BGD,5.45,10.07,37.47,81.8,33.7
2019-08-31,BGD,6.06,10.07,37.47,81.8,33.85
2019-09-30,BGD,5.75,10.07,37.47,81.8,33.78
2019-10-31,BGD,6.01,10.07,37.47,81.8,33.84
2019-11-30,BGD,6.06,10.07,37.47,81.8,33.85
2019-12-31,BGD,6.09,10.07,37.47,81.8,33.86
2020-01-31,BGD,6.16,10.07,37.47,80.36,33.52
2020-02-29,BGD,5.91,10.07,37.47,80.36,33.46
2020-03-31,BGD,5.34,10.07,37.47,80.36,33.31
2020-04-30,BGD,6.21,10.07,37.47,80.36,33.53
2020-05-31,BGD,5.77,10.07,37.47,80.36,33.42
2020-06-30,BGD,5.7,10.07,37.47,80.36,33.4
2020-07-31,BGD,5.75,10.85,35.95,80.36,33.23
2020-08-31,BGD,5.68,10.85,35.95,80.36,33.21
2020-09-30,BGD,5.69,10.85,35.95,80.36,33.21
2020-10-31,BGD,5.8,10.85,35.95,80.36,33.24
2020-11-30,BGD,5.47,10.85,35.95,80.36,33.16
2020-12-31,BGD,5.46,10.85,35.95,80.36,33.16
2021-01-31,BGD,5.56,10.85,35.95,79.78,33.04
2021-02-28,BGD,5.46,10.85,35.95,79.78,33.01
2021-03-31,BGD,6.06,10.85,35.95,79.78,33.16
2021-04-30,BGD,5.46,10.85,35.95,79.78,33.01
2021-05-31,BGD,5.5,10.85,35.95,79.78,33.02
2021-06-30,BGD,5.57,10.85,35.95,79.78,33.04
2021-07-31,BGD,5.45,12.63,36.8,79.78,33.66
2021-08-31,BGD,5.76,12.63,36.8,79.78,33.74
2021-09-30,BGD,5.98,12.63,36.8,79.78,33.8
2021-10-31,BGD,5.76,12.63,36.8,79.78,33.74
2021-11-30,BGD,5.99,12.63,36.8,79.78,33.8
2021-12-31,BGD,6.04,12.63,36.8,79.78,33.81
2022-01-31,BGD,6.1,12.63,36.8,79.52,33.76
2022-02-28,BGD,6.15,12.63,36.8,79.52,33.77
2022-03-31,BGD,6.25,12.63,36.8,79.52,33.8
2022-04-30,BGD,6.37,12.63,36.8,79.52,33.83
2022-05-31,BGD,7.2,12.63,36.8,79.52,34.04
2022-06-30,BGD,10.58,12.63,36.8,79.52,34.88
2022-07-31,BGD,11.33,12.77,37.8,79.52,35.36
2022-08-31,BGD,11.16,12.77,37.8,79.52,35.31
2022-09-30,BGD,16.17,12.77,37.8,79.52,36.57
2022-10-31,BGD,15.52,12.77,37.8,79.52,36.4
2022-11-30,BGD,18.14,12.77,37.8,79.52,37.06
2022-12-31,BGD,16.01,12.77,37.8,79.52,36.52
2023-01-31,BGD,17.88,12.77,37.8,79.73,37.04
2023-02-28,BGD,18.26,12.77,37.8,79.73,37.14
2023-03-31,BGD,17.94,12.77,37.8,79.73,37.06
2023-04-30,BGD,17.35,12.77,37.8,79.73,36.91
2023-05-31,BGD,16.87,12.77,37.8,79.73,36.79
2023-06-30,BGD,13.64,12.77,37.8,79.73,35.98
2023-07-31,BGD,12.99,13.61,42.22,79.73,37.14
2023-08-31,BGD,13.22,13.61,42.22,79.73,37.2
2023-09-30,BGD,9.33,13.61,42.22,79.73,36.22
2023-10-31,BGD,39.91,13.61,42.22,79.73,43.87
2023-11-30,BGD,34.36,13.61,42.22,79.73,42.48
2023-12-31,BGD,32.09,13.61,42.22,79.73,41.91
2024-01-31,BGD,23.84,13.61,42.22,80.05,39.93
2024-02-29,BGD,20.56,13.61,42.22,80.05,39.11
2024-03-31,BGD,15.79,13.61,42.22,80.05,37.92
2024-04-30,BGD,16.78,13.61,42.22,80.05,38.17
2024-05-31,BGD,18.1,13.61,42.22,80.05,38.5
2024-06-30,BGD,25.41,13.61,42.22,80.05,40.32
2024-07-31,BGD,28.09,17.62,45.63,80.05,42.85
2024-08-31,BGD,30.45,17.62,45.63,80.05,43.44
2024-09-30,BGD,29.25,17.62,45.63,80.05,43.14
2024-10-31,BGD,17.94,17.62,45.63,80.05,40.31
2024-11-30,BGD,22.05,17.62,45.63,80.05,41.34
2024-12-31,BGD,22.69,17.62,45.63,80.05,41.5
2025-01-31,BGD,26.5,17.62,45.63,79.66,42.35
2025-02-28,BGD,23.83,17.62,45.63,79.66,41.68
2025-03-31,BGD,28.3,17.62,45.63,79.66,42.8
2025-04-30,BGD,43.01,17.62,45.63,79.66,46.48
2025-05-31,BGD,32.04,17.62,45.63,79.66,43.74
2025-06-30,BGD,23.93,17.62,45.63,79.66,41.71
2025-07-31,BGD,7.16,17.82,47.85,79.66,38.12
2025-08-31,BGD,12.7,17.82,47.85,79.66,39.51
2025-09-30,BGD,12.11,17.82,47.85,79.66,39.36
2025-10-31,BGD,19.22,17.82,47.85,79.66,41.14
2025-11-30,BGD,23.95,17.82,47.85,79.66,42.32
2025-12-31,BGD,24.81,17.82,47.85,79.66,42.54
2026-01-31,BGD,19.42,17.82,47.85,79.44,41.14
2026-02-28,BGD,20.49,17.82,47.85,79.44,41.4
2026-03-31,BGD,32.34,17.82,47.85,79.44,44.37
2026-04-30,BGD,19.4,17.82,47.85,79.44,41.13
2026-05-31,BGD,14.87,17.82,47.85,79.44,40.0
2026-06-30,BGD,11.02,17.82,47.85,79.44,39.04
2026-07-31,BGD,20.35,17.82,45.95,79.44,40.89
2026-08-31,BGD,15.32,17.82,45.95,79.44,39.63
2026-09-30,BGD,16.9,17.82,45.95,79.44,40.03
2000-01-31,NPL,,,,93.42,
2000-02-29,NPL,,,,93.42,
2000-03-31,NPL,,,,93.42,
2000-04-30,NPL,,,,93.42,
2000-05-31,NPL,,,,93.42,
2000-06-30,NPL,,,,93.42,
2000-07-31,NPL,,,,93.42,
2000-08-31,NPL,,,,93.42,
2000-09-30,NPL,,,,93.42,
2000-10-31,NPL,,,,93.42,
2000-11-30,NPL,,,,93.42,
2000-12-31,NPL,,,,93.42,
2001-01-31,NPL,,,,95.18,
2001-02-28,NPL,,,,95.18,
2001-03-31,NPL,,,,95.18,
2001-04-30,NPL,,,,95.18,
2001-05-31,NPL,,,,95.18,
2001-06-30,NPL,,,,95.18,
2001-07-31,NPL,,11.9,35.37,95.18,47.49
2001-08-31,NPL,,11.9,35.37,95.18,47.49
2001-09-30,NPL,,11.9,35.37,95.18,47.49
2001-10-31,NPL,,11.9,35.37,95.18,47.49
2001-11-30,NPL,,11.9,35.37,95.18,47.49
2001-12-31,NPL,,11.9,35.37,95.18,47.49
2002-01-31,NPL,,11.9,35.37,94.5,47.26
2002-02-28,NPL,,11.9,35.37,94.5,47.26
2002-03-31,NPL,,11.9,35.37,94.5,47.26
2002-04-30,NPL,,11.9,35.37,94.5,47.26
2002-05-31,NPL,,11.9,35.37,94.5,47.26
2002-06-30,NPL,,11.9,35.37,94.5,47.26
2002-07-31,NPL,,11.32,36.13,94.5,47.32
2002-08-31,NPL,,11.32,36.13,94.5,47.32
2002-09-30,NPL,,11.32,36.13,94.5,47.32
2002-10-31,NPL,,11.32,36.13,94.5,47.32
2002-11-30,NPL,,11.32,36.13,94.5,47.32
2002-12-31,NPL,,11.32,36.13,94.5,47.32
2003-01-31,NPL,,11.32,36.13,96.75,48.06
2003-02-28,NPL,,11.32,36.13,96.75,48.06
2003-03-31,NPL,,11.32,36.13,96.75,48.06
2003-04-30,NPL,,11.32,36.13,96.75,48.06
2003-05-31,NPL,,11.32,36.13,96.75,48.06
2003-06-30,NPL,,11.32,36.13,96.75,48.06
2003-07-31,NPL,,14.37,38.92,96.75,50.01
2003-08-31,NPL,,14.37,38.92,96.75,50.01
2003-09-30,NPL,,14.37,38.92,96.75,50.01
2003-10-31,NPL,,14.37,38.92,96.75,50.01
2003-11-30,NPL,,14.37,38.92,96.75,50.01
2003-12-31,NPL,,14.37,38.92,96.75,50.01
2004-01-31,NPL,0.85,14.37,38.92,92.09,36.56
2004-02-29,NPL,0.7,14.37,38.92,92.09,36.52
2004-03-31,NPL,0.16,14.37,38.92,92.09,36.39
2004-04-30,NPL,0.11,14.37,38.92,92.09,36.37
2004-05-31,NPL,0.08,14.37,38.92,92.09,36.37
2004-06-30,NPL,0.17,14.37,38.92,92.09,36.39
2004-07-31,NPL,0.17,14.55,36.37,92.09,35.8
2004-08-31,NPL,0.17,14.55,36.37,92.09,35.79
2004-09-30,NPL,0.09,14.55,36.37,92.09,35.78
2004-10-31,NPL,0.72,14.55,36.37,92.09,35.93
2004-11-30,NPL,0.72,14.55,36.37,92.09,35.93
2004-12-31,NPL,5.23,14.55,36.37,92.09,37.06
2005-01-31,NPL,4.5,14.55,36.37,91.53,36.74
2005-02-28,NPL,4.5,14.55,36.37,91.53,36.74
2005-03-31,NPL,4.45,14.55,36.37,91.53,36.73
2005-04-30,NPL,4.47,14.55,36.37,91.53,36.73
2005-05-31,NPL,3.09,14.55,36.37,91.53,36.39
2005-06-30,NPL,3.22,14.55,36.37,91.53,36.42
2005-07-31,NPL,3.63,13.06,33.95,91.53,35.54
2005-08-31,NPL,3.19,13.06,33.95,91.53,35.43
2005-09-30,NPL,3.7,13.06,33.95,91.53,35.56
2005-10-31,NPL,3.67,13.06,33.95,91.53,35.55
2005-11-30,NPL,5.14,13.06,33.95,91.53,35.92
2005-12-31,NPL,4.96,13.06,33.95,91.53,35.87
2006-01-31,NPL,4.46,13.06,33.95,91.61,35.77
2006-02-28,NPL,4.63,13.06,33.95,91.61,35.81
2006-03-31,NPL,4.61,13.06,33.95,91.61,35.8
2006-04-30,NPL,5.59,13.06,33.95,91.61,36.05
2006-05-31,NPL,7.32,13.06,33.95,91.61,36.48
2006-06-30,NPL,8.44,13.06,33.95,91.61,36.76
2006-07-31,NPL,8.86,11.32,39.66,91.61,37.86
2006-08-31,NPL,9.23,11.32,39.66,91.61,37.96
2006-09-30,NPL,8.34,11.32,39.66,91.61,37.73
2006-10-31,NPL,7.91,11.32,39.66,91.61,37.63
2006-11-30,NPL,4.36,11.32,39.66,91.61,36.74
2006-12-31,NPL,4.37,11.32,39.66,91.61,36.74
2007-01-31,NPL,5.75,11.32,39.66,88.83,36.39
2007-02-28,NPL,5.33,11.32,39.66,88.83,36.28
2007-03-31,NPL,4.6,11.32,39.66,88.83,36.1
2007-04-30,NPL,1.82,11.32,39.66,88.83,35.41
2007-05-31,NPL,1.78,11.32,39.66,88.83,35.4
2007-06-30,NPL,1.54,11.32,39.66,88.83,35.34
2007-07-31,NPL,0.44,12.63,38.61,88.83,35.13
2007-08-31,NPL,1.19,12.63,38.61,88.83,35.32
2007-09-30,NPL,0.82,12.63,38.61,88.83,35.22
2007-10-31,NPL,1.32,12.63,38.61,88.83,35.35
2007-11-30,NPL,3.17,12.63,38.61,88.83,35.81
2007-12-31,NPL,2.7,12.63,38.61,88.83,35.69
2008-01-31,NPL,2.13,12.63,38.61,88.21,35.4
2008-02-29,NPL,1.99,12.63,38.61,88.21,35.36
2008-03-31,NPL,3.38,12.63,38.61,88.21,35.71
2008-04-30,NPL,5.84,12.63,38.61,88.21,36.32
2008-05-31,NPL,8.53,12.63,38.61,88.21,37.0
2008-06-30,NPL,8.72,12.63,38.61,88.21,37.04
2008-07-31,NPL,9.0,11.16,37.42,88.21,36.45
2008-08-31,NPL,9.58,11.16,37.42,88.21,36.59
2008-09-30,NPL,14.42,11.16,37.42,88.21,37.8
2008-10-31,NPL,18.12,11.16,37.42,88.21,38.73
2008-11-30,NPL,18.97,11.16,37.42,88.21,38.94
2008-12-31,NPL,16.87,11.16,37.42,88.21,38.41
2009-01-31,NPL,17.22,11.16,37.42,83.07,37.22
2009-02-28,NPL,20.29,11.16,37.42,83.07,37.98
2009-03-31,NPL,19.62,11.16,37.42,83.07,37.82
2009-04-30,NPL,17.56,11.16,37.42,83.07,37.3
2009-05-31,NPL,11.13,11.16,37.42,83.07,35.69
2009-06-30,NPL,12.15,11.16,37.42,83.07,35.95
2009-07-31,NPL,12.28,10.07,37.19,83.07,35.65
2009-08-31,NPL,10.9,10.07,37.19,83.07,35.31
2009-09-30,NPL,6.71,10.07,37.19,83.07,34.26
2009-10-31,NPL,2.9,10.07,37.19,83.07,33.31
2009-11-30,NPL,1.92,10.07,37.19,83.07,33.06
2009-12-31,NPL,3.98,10.07,37.19,83.07,33.58
2010-01-31,NPL,3.18,10.07,37.19,82.55,33.25
2010-02-28,NPL,0.78,10.07,37.19,82.55,32.65
2010-03-31,NPL,0.24,10.07,37.19,82.55,32.51
2010-04-30,NPL,0.18,10.07,37.19,82.55,32.5
2010-05-31,NPL,4.85,10.07,37.19,82.55,33.66
2010-06-30,NPL,3.85,10.07,37.19,82.55,33.41
2010-07-31,NPL,3.69,11.7,42.68,82.55,35.16
2010-08-31,NPL,3.56,11.7,42.68,82.55,35.13
2010-09-30,NPL,2.71,11.7,42.68,82.55,34.91
2010-10-31,NPL,2.86,11.7,42.68,82.55,34.95
2010-11-30,NPL,4.89,11.7,42.68,82.55,35.46
2010-12-31,NPL,3.9,11.7,42.68,82.55,35.21
2011-01-31,NPL,5.04,11.7,42.68,81.58,35.25
2011-02-28,NPL,5.12,11.7,42.68,81.58,35.27
2011-03-31,NPL,5.17,11.7,42.68,81.58,35.28
2011-04-30,NPL,5.65,11.7,42.68,81.58,35.41
2011-05-31,NPL,4.13,11.7,42.68,81.58,35.03
2011-06-30,NPL,4.09,11.7,42.68,81.58,35.01
2011-07-31,NPL,3.13,11.31,42.21,81.58,34.56
2011-08-31,NPL,4.99,11.31,42.21,81.58,35.03
2011-09-30,NPL,9.51,11.31,42.21,81.58,36.16
2011-10-31,NPL,11.36,11.31,42.21,81.58,36.62
2011-11-30,NPL,12.69,11.31,42.21,81.58,36.95
2011-12-31,NPL,14.43,11.31,42.21,81.58,37.38
2012-01-31,NPL,9.83,11.31,42.21,78.3,35.42
2012-02-29,NPL,10.23,11.31,42.21,78.3,35.51
2012-03-31,NPL,13.62,11.31,42.21,78.3,36.36
2012-04-30,NPL,15.06,11.31,42.21,78.3,36.72
2012-05-31,NPL,15.96,11.31,42.21,78.3,36.95
2012-06-30,NPL,15.27,11.31,42.21,78.3,36.77
2012-07-31,NPL,18.43,9.69,41.76,78.3,37.05
2012-08-31,NPL,16.22,9.69,41.76,78.3,36.49
2012-09-30,NPL,10.11,9.69,41.76,78.3,34.97
2012-10-31,NPL,10.29,9.69,41.76,78.3,35.01
2012-11-30,NPL,8.56,9.69,41.76,78.3,34.58
2012-12-31,NPL,7.76,9.69,41.76,78.3,34.38
2013-01-31,NPL,9.96,9.69,41.76,75.6,34.25
2013-02-28,NPL,10.66,9.69,41.76,75.6,34.43
2013-03-31,NPL,8.57,9.69,41.76,75.6,33.91
2013-04-30,NPL,7.17,9.69,41.76,75.6,33.56
2013-05-31,NPL,7.71,9.69,41.76,75.6,33.69
2013-06-30,NPL,11.67,9.69,41.76,75.6,34.68
2013-07-31,NPL,9.72,10.98,38.63,75.6,33.73
2013-08-31,NPL,15.06,10.98,38.63,75.6,35.07
2013-09-30,NPL,14.54,10.98,38.63,75.6,34.94
2013-10-31,NPL,12.69,10.98,38.63,75.6,34.48
2013-11-30,NPL,12.32,10.98,38.63,75.6,34.38
2013-12-31,NPL,12.18,10.98,38.63,75.6,34.35
2014-01-31,NPL,14.23,10.98,38.63,75.25,34.77
2014-02-28,NPL,12.82,10.98,38.63,75.25,34.42
2014-03-31,NPL,11.05,10.98,38.63,75.25,33.98
2014-04-30,NPL,11.33,10.98,38.63,75.25,34.05
2014-05-31,NPL,7.89,10.98,38.63,75.25,33.19
2014-06-30,NPL,5.63,10.98,38.63,75.25,32.62
2014-07-31,NPL,5.91,9.67,37.12,75.25,31.99
2014-08-31,NPL,1.43,9.67,37.12,75.25,30.87
2014-09-30,NPL,5.09,9.67,37.12,75.25,31.78
2014-10-31,NPL,5.94,9.67,37.12,75.25,32.0
2014-11-30,NPL,5.34,9.67,37.12,75.25,31.85
2014-12-31,NPL,6.82,9.67,37.12,75.25,32.22
2015-01-31,NPL,4.92,9.67,37.12,73.6,31.33
2015-02-28,NPL,5.51,9.67,37.12,73.6,31.48
2015-03-31,NPL,8.21,9.67,37.12,73.6,32.15
2015-04-30,NPL,7.75,9.67,37.12,73.6,32.04
2015-05-31,NPL,9.89,9.67,37.12,73.6,32.57
2015-06-30,NPL,8.62,9.67,37.12,73.6,32.25
2015-07-31,NPL,8.95,9.81,35.27,73.6,31.91
2015-08-31,NPL,10.84,9.81,35.27,73.6,32.38
2015-09-30,NPL,9.35,9.81,35.27,73.6,32.01
2015-10-31,NPL,8.57,9.81,35.27,73.6,31.81
2015-11-30,NPL,9.03,9.81,35.27,73.6,31.93
2015-12-31,NPL,7.99,9.81,35.27,73.6,31.67
2016-01-31,NPL,10.97,9.81,35.27,72.4,32.12
2016-02-29,NPL,11.45,9.81,35.27,72.4,32.23
2016-03-31,NPL,8.08,9.81,35.27,72.4,31.39
2016-04-30,NPL,8.32,9.81,35.27,72.4,31.45
2016-05-31,NPL,8.09,9.81,35.27,72.4,31.39
2016-06-30,NPL,9.11,9.81,35.27,72.4,31.65
2016-07-31,NPL,8.17,9.79,27.88,72.4,29.56
2016-08-31,NPL,5.81,9.79,27.88,72.4,28.97
2016-09-30,NPL,5.93,9.79,27.88,72.4,29.0
2016-10-31,NPL,6.88,9.79,27.88,72.4,29.24
2016-11-30,NPL,7.49,9.79,27.88,72.4,29.39
2016-12-31,NPL,6.61,9.79,27.88,72.4,29.17
2017-01-31,NPL,5.62,9.79,27.88,72.09,28.84
2017-02-28,NPL,4.21,9.79,27.88,72.09,28.49
2017-03-31,NPL,4.55,9.79,27.88,72.09,28.58
2017-04-30,NPL,3.88,9.79,27.88,72.09,28.41
2017-05-31,NPL,3.84,9.79,27.88,72.09,28.4
2017-06-30,NPL,3.0,9.79,27.88,72.09,28.19
2017-07-31,NPL,3.55,10.21,40.92,72.09,31.69
2017-08-31,NPL,3.65,10.21,40.92,72.09,31.72
2017-09-30,NPL,4.98,10.21,40.92,72.09,32.05
2017-10-31,NPL,4.28,10.21,40.92,72.09,31.88
2017-11-30,NPL,2.78,10.21,40.92,72.09,31.5
2017-12-31,NPL,2.94,10.21,40.92,72.09,31.54
2018-01-31,NPL,2.43,10.21,40.92,69.99,30.89
2018-02-28,NPL,4.11,10.21,40.92,69.99,31.31
2018-03-31,NPL,5.68,10.21,40.92,69.99,31.7
2018-04-30,NPL,7.54,10.21,40.92,69.99,32.17
2018-05-31,NPL,8.11,10.21,40.92,69.99,32.31
2018-06-30,NPL,8.89,10.21,40.92,69.99,32.5
2018-07-31,NPL,9.03,8.93,28.86,69.99,29.2
2018-08-31,NPL,10.37,8.93,28.86,69.99,29.54
2018-09-30,NPL,11.02,8.93,28.86,69.99,29.7
2018-10-31,NPL,11.93,8.93,28.86,69.99,29.93
2018-11-30,NPL,10.19,8.93,28.86,69.99,29.49
2018-12-31,NPL,10.46,8.93,28.86,69.99,29.56
2019-01-31,NPL,11.48,8.93,28.86,72.08,30.34
2019-02-28,NPL,10.25,8.93,28.86,72.08,30.03
2019-03-31,NPL,8.79,8.93,28.86,72.08,29.67
2019-04-30,NPL,7.84,8.93,28.86,72.08,29.43
2019-05-31,NPL,7.03,8.93,28.86,72.08,29.23
2019-06-30,NPL,5.83,8.93,28.86,72.08,28.93
2019-07-31,NPL,5.6,8.94,37.77,72.08,31.1
2019-08-31,NPL,6.34,8.94,37.77,72.08,31.28
2019-09-30,NPL,4.39,8.94,37.77,72.08,30.79
2019-10-31,NPL,3.87,8.94,37.77,72.08,30.67
2019-11-30,NPL,6.29,8.94,37.77,72.08,31.27
2019-12-31,NPL,6.25,8.94,37.77,72.08,31.26
2020-01-31,NPL,5.63,8.94,37.77,65.69,29.51
2020-02-29,NPL,5.94,8.94,37.77,65.69,29.58
2020-03-31,NPL,9.22,8.94,37.77,65.69,30.41
2020-04-30,NPL,10.15,8.94,37.77,65.69,30.64
2020-05-31,NPL,9.89,8.94,37.77,65.69,30.57
2020-06-30,NPL,10.25,8.94,37.77,65.69,30.66
2020-07-31,NPL,9.87,11.35,37.14,65.69,31.01
2020-08-31,NPL,7.03,11.35,37.14,65.69,30.3
2020-09-30,NPL,7.53,11.35,37.14,65.69,30.43
2020-10-31,NPL,8.36,11.35,37.14,65.69,30.63
2020-11-30,NPL,7.15,11.35,37.14,65.69,30.33
2020-12-31,NPL,6.99,11.35,37.14,65.69,30.29
2021-01-31,NPL,6.85,11.35,37.14,60.54,28.97
2021-02-28,NPL,6.13,11.35,37.14,60.54,28.79
2021-03-31,NPL,4.42,11.35,37.14,60.54,28.36
2021-04-30,NPL,4.48,11.35,37.14,60.54,28.38
2021-05-31,NPL,3.52,11.35,37.14,60.54,28.13
2021-06-30,NPL,4.75,11.35,37.14,60.54,28.44
2021-07-31,NPL,5.21,16.07,38.08,60.54,29.98
2021-08-31,NPL,5.73,16.07,38.08,60.54,30.11
2021-09-30,NPL,5.85,16.07,38.08,60.54,30.14
2021-10-31,NPL,5.65,16.07,38.08,60.54,30.09
2021-11-30,NPL,6.2,16.07,38.08,60.54,30.22
2021-12-31,NPL,6.42,16.07,38.08,60.54,30.28
2022-01-31,NPL,6.87,16.07,38.08,63.49,31.13
2022-02-28,NPL,7.79,16.07,38.08,63.49,31.36
2022-03-31,NPL,7.8,16.07,38.08,63.49,31.36
2022-04-30,NPL,6.85,16.07,38.08,63.49,31.12
2022-05-31,NPL,8.9,16.07,38.08,63.49,31.64
2022-06-30,NPL,8.49,16.07,38.08,63.49,31.53
2022-07-31,NPL,9.14,14.15,43.59,63.49,32.59
2022-08-31,NPL,9.39,14.15,43.59,63.49,32.65
2022-09-30,NPL,10.83,14.15,43.59,63.49,33.01
2022-10-31,NPL,10.45,14.15,43.59,63.49,32.92
2022-11-30,NPL,10.14,14.15,43.59,63.49,32.84
2022-12-31,NPL,10.93,14.15,43.59,63.49,33.04
2023-01-31,NPL,9.9,14.15,43.59,65.74,33.34
2023-02-28,NPL,10.16,14.15,43.59,65.74,33.41
2023-03-31,NPL,9.7,14.15,43.59,65.74,33.3
2023-04-30,NPL,9.12,14.15,43.59,65.74,33.15
2023-05-31,NPL,8.84,14.15,43.59,65.74,33.08
2023-06-30,NPL,7.69,14.15,43.59,65.74,32.79
2023-07-31,NPL,6.98,13.43,40.74,65.74,31.72
2023-08-31,NPL,7.36,13.43,40.74,65.74,31.82
2023-09-30,NPL,6.36,13.43,40.74,65.74,31.57
2023-10-31,NPL,37.34,13.43,40.74,65.74,39.31
2023-11-30,NPL,33.61,13.43,40.74,65.74,38.38
2023-12-31,NPL,29.93,13.43,40.74,65.74,37.46
2024-01-31,NPL,23.46,13.43,40.74,65.88,35.88
2024-02-29,NPL,19.96,13.43,40.74,65.88,35.0
2024-03-31,NPL,15.46,13.43,40.74,65.88,33.88
2024-04-30,NPL,16.41,13.43,40.74,65.88,34.12
2024-05-31,NPL,15.83,13.43,40.74,65.88,33.97
2024-06-30,NPL,23.57,13.43,40.74,65.88,35.91
2024-07-31,NPL,26.44,13.1,36.16,65.88,35.4
2024-08-31,NPL,28.47,13.1,36.16,65.88,35.9
2024-09-30,NPL,27.29,13.1,36.16,65.88,35.61
2024-10-31,NPL,16.08,13.1,36.16,65.88,32.81
2024-11-30,NPL,20.3,13.1,36.16,65.88,33.86
2024-12-31,NPL,21.2,13.1,36.16,65.88,34.09
2025-01-31,NPL,24.84,13.1,36.16,63.79,34.47
2025-02-28,NPL,22.45,13.1,36.16,63.79,33.87
2025-03-31,NPL,26.32,13.1,36.16,63.79,34.84
2025-04-30,NPL,40.86,13.1,36.16,63.79,38.48
2025-05-31,NPL,31.7,13.1,36.16,63.79,36.19
2025-06-30,NPL,23.59,13.1,36.16,63.79,34.16
2025-07-31,NPL,6.94,12.71,28.04,63.79,27.87
2025-08-31,NPL,13.36,12.71,28.04,63.79,29.47
2025-09-30,NPL,13.11,12.71,28.04,63.79,29.41
2025-10-31,NPL,19.87,12.71,28.04,63.79,31.1
2025-11-30,NPL,24.84,12.71,28.04,63.79,32.35
2025-12-31,NPL,25.51,12.71,28.04,63.79,32.51
2026-01-31,NPL,20.85,12.71,28.04,63.4,31.25
2026-02-28,NPL,21.45,12.71,28.04,63.4,31.4
2026-03-31,NPL,34.75,12.71,28.04,63.4,34.72
2026-04-30,NPL,21.92,12.71,28.04,63.4,31.52
2026-05-31,NPL,17.85,12.71,28.04,63.4,30.5
2026-06-30,NPL,13.32,12.71,28.04,63.4,29.37
2026-07-31,NPL,22.81,12.71,25.59,63.4,31.13
2026-08-31,NPL,17.26,12.71,25.59,63.4,29.74
2026-09-30,NPL,18.6,12.71,25.59,63.4,30.07
2000-01-31,MDV,,,,100.0,
2000-02-29,MDV,,,,100.0,
2000-03-31,MDV,,,,100.0,
2000-04-30,MDV,,,,100.0,
2000-05-31,MDV,,,,100.0,
2000-06-30,MDV,,,,100.0,
2000-07-31,MDV,,,,100.0,
2000-08-31,MDV,,,,100.0,
2000-09-30,MDV,,,,100.0,
2000-10-31,MDV,,,,100.0,
2000-11-30,MDV,,,,100.0,
2000-12-31,MDV,,,,100.0,
2001-01-31,MDV,,,,100.0,
2001-02-28,MDV,,,,100.0,
2001-03-31,MDV,,,,100.0,
2001-04-30,MDV,,,,100.0,
2001-05-31,MDV,,,,100.0,
2001-06-30,MDV,,,,100.0,
2001-07-31,MDV,,7.5,42.98,100.0,50.16
2001-08-31,MDV,,7.5,42.98,100.0,50.16
2001-09-30,MDV,,7.5,42.98,100.0,50.16
2001-10-31,MDV,,7.5,42.98,100.0,50.16
2001-11-30,MDV,,7.5,42.98,100.0,50.16
2001-12-31,MDV,,7.5,42.98,100.0,50.16
2002-01-31,MDV,,7.5,42.98,100.0,50.16
2002-02-28,MDV,,7.5,42.98,100.0,50.16
2002-03-31,MDV,,7.5,42.98,100.0,50.16
2002-04-30,MDV,,7.5,42.98,100.0,50.16
2002-05-31,MDV,,7.5,42.98,100.0,50.16
2002-06-30,MDV,,7.5,42.98,100.0,50.16
2002-07-31,MDV,,6.76,53.98,100.0,53.58
2002-08-31,MDV,,6.76,53.98,100.0,53.58
2002-09-30,MDV,,6.76,53.98,100.0,53.58
2002-10-31,MDV,,6.76,53.98,100.0,53.58
2002-11-30,MDV,,6.76,53.98,100.0,53.58
2002-12-31,MDV,,6.76,53.98,100.0,53.58
2003-01-31,MDV,,6.76,53.98,98.39,53.04
2003-02-28,MDV,,6.76,53.98,98.39,53.04
2003-03-31,MDV,,6.76,53.98,98.39,53.04
2003-04-30,MDV,,6.76,53.98,98.39,53.04
2003-05-31,MDV,,6.76,53.98,98.39,53.04
2003-06-30,MDV,,6.76,53.98,98.39,53.04
2003-07-31,MDV,,6.87,40.76,98.39,48.67
2003-08-31,MDV,,6.87,40.76,98.39,48.67
2003-09-30,MDV,,6.87,40.76,98.39,48.67
2003-10-31,MDV,,6.87,40.76,98.39,48.67
2003-11-30,MDV,,6.87,40.76,98.39,48.67
2003-12-31,MDV,,6.87,40.76,98.39,48.67
2004-01-31,MDV,,6.87,40.76,100.0,49.21
2004-02-29,MDV,,6.87,40.76,100.0,49.21
2004-03-31,MDV,,6.87,40.76,100.0,49.21
2004-04-30,MDV,,6.87,40.76,100.0,49.21
2004-05-31,MDV,,6.87,40.76,100.0,49.21
2004-06-30,MDV,,6.87,40.76,100.0,49.21
2004-07-31,MDV,,5.63,28.33,100.0,44.65
2004-08-31,MDV,,5.63,28.33,100.0,44.65
2004-09-30,MDV,,5.63,28.33,100.0,44.65
2004-10-31,MDV,0.0,5.63,28.33,100.0,33.49
2004-11-30,MDV,0.22,5.63,28.33,100.0,33.54
2004-12-31,MDV,0.26,5.63,28.33,100.0,33.56
2005-01-31,MDV,0.29,5.63,28.33,98.42,33.17
2005-02-28,MDV,0.22,5.63,28.33,98.42,33.15
2005-03-31,MDV,0.16,5.63,28.33,98.42,33.13
2005-04-30,MDV,0.15,5.63,28.33,98.42,33.13
2005-05-31,MDV,0.19,5.63,28.33,98.42,33.14
2005-06-30,MDV,0.19,5.63,28.33,98.42,33.14
2005-07-31,MDV,0.17,6.01,41.0,98.42,36.4
2005-08-31,MDV,4.77,6.01,41.0,98.42,37.55
2005-09-30,MDV,4.85,6.01,41.0,98.42,37.57
2005-10-31,MDV,4.85,6.01,41.0,98.42,37.57
2005-11-30,MDV,5.25,6.01,41.0,98.42,37.67
2005-12-31,MDV,5.04,6.01,41.0,98.42,37.62
2006-01-31,MDV,5.12,6.01,41.0,95.28,36.85
2006-02-28,MDV,4.63,6.01,41.0,95.28,36.73
2006-03-31,MDV,4.7,6.01,41.0,95.28,36.75
2006-04-30,MDV,4.71,6.01,41.0,95.28,36.75
2006-05-31,MDV,5.39,6.01,41.0,95.28,36.92
2006-06-30,MDV,5.47,6.01,41.0,95.28,36.94
2006-07-31,MDV,5.47,8.33,65.96,95.28,43.76
2006-08-31,MDV,5.39,8.33,65.96,95.28,43.74
2006-09-30,MDV,5.54,8.33,65.96,95.28,43.78
2006-10-31,MDV,5.58,8.33,65.96,95.28,43.79
2006-11-30,MDV,5.58,8.33,65.96,95.28,43.78
2006-12-31,MDV,5.72,8.33,65.96,95.28,43.82
2007-01-31,MDV,5.63,8.33,65.96,90.58,42.62
2007-02-28,MDV,5.81,8.33,65.96,90.58,42.67
2007-03-31,MDV,5.77,8.33,65.96,90.58,42.66
2007-04-30,MDV,5.81,8.33,65.96,90.58,42.67
2007-05-31,MDV,5.85,8.33,65.96,90.58,42.68
2007-06-30,MDV,5.8,8.33,65.96,90.58,42.67
2007-07-31,MDV,5.68,6.47,39.97,90.58,35.67
2007-08-31,MDV,5.76,6.47,39.97,90.58,35.69
2007-09-30,MDV,5.56,6.47,39.97,90.58,35.65
2007-10-31,MDV,5.44,6.47,39.97,90.58,35.61
2007-11-30,MDV,5.43,6.47,39.97,90.58,35.61
2007-12-31,MDV,5.39,6.47,39.97,90.58,35.6
2008-01-31,MDV,5.43,6.47,39.97,88.99,35.21
2008-02-29,MDV,5.35,6.47,39.97,88.99,35.2
2008-03-31,MDV,5.36,6.47,39.97,88.99,35.2
2008-04-30,MDV,5.36,6.47,39.97,88.99,35.2
2008-05-31,MDV,5.36,6.47,39.97,88.99,35.2
2008-06-30,MDV,5.36,6.47,39.97,88.99,35.2
2008-07-31,MDV,5.47,6.44,49.63,88.99,37.63
2008-08-31,MDV,5.57,6.44,49.63,88.99,37.66
2008-09-30,MDV,5.59,6.44,49.63,88.99,37.66
2008-10-31,MDV,5.62,6.44,49.63,88.99,37.67
2008-11-30,MDV,5.53,6.44,49.63,88.99,37.65
2008-12-31,MDV,5.39,6.44,49.63,88.99,37.61
2009-01-31,MDV,5.54,6.44,49.63,85.07,36.67
2009-02-28,MDV,6.9,6.44,49.63,85.07,37.01
2009-03-31,MDV,5.62,6.44,49.63,85.07,36.69
2009-04-30,MDV,5.55,6.44,49.63,85.07,36.67
2009-05-31,MDV,5.49,6.44,49.63,85.07,36.66
2009-06-30,MDV,5.45,6.44,49.63,85.07,36.65
2009-07-31,MDV,5.45,8.04,58.3,85.07,39.22
2009-08-31,MDV,5.49,8.04,58.3,85.07,39.23
2009-09-30,MDV,5.53,8.04,58.3,85.07,39.24
2009-10-31,MDV,5.48,8.04,58.3,85.07,39.22
2009-11-30,MDV,5.44,8.04,58.3,85.07,39.21
2009-12-31,MDV,5.58,8.04,58.3,85.07,39.25
2010-01-31,MDV,6.26,8.04,58.3,86.08,39.67
2010-02-28,MDV,4.39,8.04,58.3,86.08,39.2
2010-03-31,MDV,5.6,8.04,58.3,86.08,39.51
2010-04-30,MDV,5.53,8.04,58.3,86.08,39.49
2010-05-31,MDV,5.56,8.04,58.3,86.08,39.5
2010-06-30,MDV,5.48,8.04,58.3,86.08,39.48
2010-07-31,MDV,5.37,9.93,62.84,86.08,41.05
2010-08-31,MDV,5.44,9.93,62.84,86.08,41.07
2010-09-30,MDV,5.4,9.93,62.84,86.08,41.06
2010-10-31,MDV,5.47,9.93,62.84,86.08,41.08
2010-11-30,MDV,5.52,9.93,62.84,86.08,41.09
2010-12-31,MDV,5.56,9.93,62.84,86.08,41.1
2011-01-31,MDV,4.79,9.93,62.84,84.82,40.59
2011-02-28,MDV,5.81,9.93,62.84,84.82,40.85
2011-03-31,MDV,5.81,9.93,62.84,84.82,40.85
2011-04-30,MDV,5.74,9.93,62.84,84.82,40.83
2011-05-31,MDV,15.89,9.93,62.84,84.82,43.37
2011-06-30,MDV,16.08,9.93,62.84,84.82,43.42
2011-07-31,MDV,16.49,8.85,46.1,84.82,39.06
2011-08-31,MDV,15.29,8.85,46.1,84.82,38.77
2011-09-30,MDV,16.13,8.85,46.1,84.82,38.98
2011-10-31,MDV,15.62,8.85,46.1,84.82,38.85
2011-11-30,MDV,15.81,8.85,46.1,84.82,38.89
2011-12-31,MDV,15.73,8.85,46.1,84.82,38.88
2012-01-31,MDV,15.78,8.85,46.1,84.08,38.7
2012-02-29,MDV,15.6,8.85,46.1,84.08,38.66
2012-03-31,MDV,15.87,8.85,46.1,84.08,38.72
2012-04-30,MDV,15.77,8.85,46.1,84.08,38.7
2012-05-31,MDV,6.03,8.85,46.1,84.08,36.27
2012-06-30,MDV,5.94,8.85,46.1,84.08,36.24
2012-07-31,MDV,5.71,10.78,51.29,84.08,37.96
2012-08-31,MDV,5.68,10.78,51.29,84.08,37.96
2012-09-30,MDV,4.97,10.78,51.29,84.08,37.78
2012-10-31,MDV,5.28,10.78,51.29,84.08,37.86
2012-11-30,MDV,5.21,10.78,51.29,84.08,37.84
2012-12-31,MDV,5.36,10.78,51.29,84.08,37.88
2013-01-31,MDV,5.36,10.78,51.29,83.46,37.72
2013-02-28,MDV,5.14,10.78,51.29,83.46,37.67
2013-03-31,MDV,5.23,10.78,51.29,83.46,37.69
2013-04-30,MDV,5.38,10.78,51.29,83.46,37.73
2013-05-31,MDV,5.54,10.78,51.29,83.46,37.77
2013-06-30,MDV,5.26,10.78,51.29,83.46,37.7
2013-07-31,MDV,5.4,14.19,55.2,83.46,39.57
2013-08-31,MDV,5.52,14.19,55.2,83.46,39.59
2013-09-30,MDV,5.85,14.19,55.2,83.46,39.68
2013-10-31,MDV,5.62,14.19,55.2,83.46,39.62
2013-11-30,MDV,5.64,14.19,55.2,83.46,39.63
2013-12-31,MDV,5.54,14.19,55.2,83.46,39.6
2014-01-31,MDV,5.5,14.19,55.2,79.9,38.7
2014-02-28,MDV,5.92,14.19,55.2,79.9,38.8
2014-03-31,MDV,5.87,14.19,55.2,79.9,38.79
2014-04-30,MDV,5.66,14.19,55.2,79.9,38.74
2014-05-31,MDV,5.95,14.19,55.2,79.9,38.81
2014-06-30,MDV,5.78,14.19,55.2,79.9,38.77
2014-07-31,MDV,5.73,18.71,43.04,79.9,36.84
2014-08-31,MDV,5.96,18.71,43.04,79.9,36.9
2014-09-30,MDV,5.37,18.71,43.04,79.9,36.75
2014-10-31,MDV,5.75,18.71,43.04,79.9,36.85
2014-11-30,MDV,4.74,18.71,43.04,79.9,36.6
2014-12-31,MDV,4.78,18.71,43.04,79.9,36.61
2015-01-31,MDV,4.58,18.71,43.04,80.03,36.59
2015-02-28,MDV,4.51,18.71,43.04,80.03,36.57
2015-03-31,MDV,4.25,18.71,43.04,80.03,36.51
2015-04-30,MDV,4.47,18.71,43.04,80.03,36.56
2015-05-31,MDV,4.18,18.71,43.04,80.03,36.49
2015-06-30,MDV,4.65,18.71,43.04,80.03,36.61
2015-07-31,MDV,4.55,23.47,39.3,80.03,36.84
2015-08-31,MDV,4.31,23.47,39.3,80.03,36.78
2015-09-30,MDV,4.54,23.47,39.3,80.03,36.83
2015-10-31,MDV,4.41,23.47,39.3,80.03,36.8
2015-11-30,MDV,5.33,23.47,39.3,80.03,37.03
2015-12-31,MDV,5.28,23.47,39.3,80.03,37.02
2016-01-31,MDV,5.42,23.47,39.3,79.02,36.8
2016-02-29,MDV,5.49,23.47,39.3,79.02,36.82
2016-03-31,MDV,5.49,23.47,39.3,79.02,36.82
2016-04-30,MDV,5.65,23.47,39.3,79.02,36.86
2016-05-31,MDV,5.68,23.47,39.3,79.02,36.87
2016-06-30,MDV,5.63,23.47,39.3,79.02,36.85
2016-07-31,MDV,5.52,21.24,45.31,79.02,37.77
2016-08-31,MDV,5.89,21.24,45.31,79.02,37.86
2016-09-30,MDV,5.81,21.24,45.31,79.02,37.84
2016-10-31,MDV,5.79,21.24,45.31,79.02,37.84
2016-11-30,MDV,5.83,21.24,45.31,79.02,37.85
2016-12-31,MDV,5.92,21.24,45.31,79.02,37.87
2017-01-31,MDV,5.86,21.24,45.31,77.86,37.57
2017-02-28,MDV,6.67,21.24,45.31,77.86,37.77
2017-03-31,MDV,6.57,21.24,45.31,77.86,37.74
2017-04-30,MDV,6.36,21.24,45.31,77.86,37.69
2017-05-31,MDV,6.99,21.24,45.31,77.86,37.85
2017-06-30,MDV,6.48,21.24,45.31,77.86,37.72
2017-07-31,MDV,6.35,35.18,50.35,77.86,42.44
2017-08-31,MDV,6.0,35.18,50.35,77.86,42.35
2017-09-30,MDV,5.99,35.18,50.35,77.86,42.34
2017-10-31,MDV,5.88,35.18,50.35,77.86,42.32
2017-11-30,MDV,5.91,35.18,50.35,77.86,42.33
2017-12-31,MDV,5.85,35.18,50.35,77.86,42.31
2018-01-31,MDV,5.95,35.18,50.35,78.76,42.56
2018-02-28,MDV,5.07,35.18,50.35,78.76,42.34
2018-03-31,MDV,5.2,35.18,50.35,78.76,42.37
2018-04-30,MDV,5.43,35.18,50.35,78.76,42.43
2018-05-31,MDV,4.79,35.18,50.35,78.76,42.27
2018-06-30,MDV,5.3,35.18,50.35,78.76,42.4
2018-07-31,MDV,5.43,36.33,49.97,78.76,42.62
2018-08-31,MDV,5.43,36.33,49.97,78.76,42.62
2018-09-30,MDV,5.43,36.33,49.97,78.76,42.62
2018-10-31,MDV,5.44,36.33,49.97,78.76,42.63
2018-11-30,MDV,5.44,36.33,49.97,78.76,42.63
2018-12-31,MDV,5.35,36.33,49.97,78.76,42.6
2019-01-31,MDV,5.83,36.33,49.97,76.93,42.27
2019-02-28,MDV,5.35,36.33,49.97,76.93,42.15
2019-03-31,MDV,5.52,36.33,49.97,76.93,42.19
2019-04-30,MDV,5.49,36.33,49.97,76.93,42.18
2019-05-31,MDV,5.34,36.33,49.97,76.93,42.14
2019-06-30,MDV,5.2,36.33,49.97,76.93,42.11
2019-07-31,MDV,5.23,48.47,48.93,76.93,44.89
2019-08-31,MDV,5.43,48.47,48.93,76.93,44.94
2019-09-30,MDV,5.56,48.47,48.93,76.93,44.97
2019-10-31,MDV,5.58,48.47,48.93,76.93,44.98
2019-11-30,MDV,5.55,48.47,48.93,76.93,44.97
2019-12-31,MDV,5.61,48.47,48.93,76.93,44.98
2020-01-31,MDV,5.15,48.47,48.93,73.57,44.03
2020-02-29,MDV,5.62,48.47,48.93,73.57,44.15
2020-03-31,MDV,5.45,48.47,48.93,73.57,44.11
2020-04-30,MDV,5.46,48.47,48.93,73.57,44.11
2020-05-31,MDV,5.8,48.47,48.93,73.57,44.19
2020-06-30,MDV,5.82,48.47,48.93,73.57,44.2
2020-07-31,MDV,5.91,49.24,50.09,73.57,44.7
2020-08-31,MDV,5.73,49.24,50.09,73.57,44.66
2020-09-30,MDV,5.52,49.24,50.09,73.57,44.61
2020-10-31,MDV,5.43,49.24,50.09,73.57,44.58
2020-11-30,MDV,5.47,49.24,50.09,73.57,44.59
2020-12-31,MDV,5.34,49.24,50.09,73.57,44.56
2021-01-31,MDV,5.5,49.24,50.09,76.73,45.39
2021-02-28,MDV,5.53,49.24,50.09,76.73,45.4
2021-03-31,MDV,5.49,49.24,50.09,76.73,45.39
2021-04-30,MDV,5.49,49.24,50.09,76.73,45.39
2021-05-31,MDV,5.21,49.24,50.09,76.73,45.32
2021-06-30,MDV,5.57,49.24,50.09,76.73,45.41
2021-07-31,MDV,5.51,55.06,67.17,76.73,51.12
2021-08-31,MDV,5.35,55.06,67.17,76.73,51.08
2021-09-30,MDV,5.48,55.06,67.17,76.73,51.11
2021-10-31,MDV,5.7,55.06,67.17,76.73,51.16
2021-11-30,MDV,5.51,55.06,67.17,76.73,51.12
2021-12-31,MDV,5.72,55.06,67.17,76.73,51.17
2022-01-31,MDV,5.35,55.06,67.17,76.3,50.97
2022-02-28,MDV,5.32,55.06,67.17,76.3,50.96
2022-03-31,MDV,5.32,55.06,67.17,76.3,50.96
2022-04-30,MDV,5.48,55.06,67.17,76.3,51.0
2022-05-31,MDV,6.23,55.06,67.17,76.3,51.19
2022-06-30,MDV,5.97,55.06,67.17,76.3,51.13
2022-07-31,MDV,5.84,55.98,33.54,76.3,42.91
2022-08-31,MDV,5.81,55.98,33.54,76.3,42.91
2022-09-30,MDV,6.16,55.98,33.54,76.3,43.0
2022-10-31,MDV,5.68,55.98,33.54,76.3,42.87
2022-11-30,MDV,5.92,55.98,33.54,76.3,42.94
2022-12-31,MDV,5.97,55.98,33.54,76.3,42.95
2023-01-31,MDV,5.8,55.98,33.54,83.37,44.67
2023-02-28,MDV,5.8,55.98,33.54,83.37,44.67
2023-03-31,MDV,5.94,55.98,33.54,83.37,44.71
2023-04-30,MDV,5.61,55.98,33.54,83.37,44.63
2023-05-31,MDV,5.11,55.98,33.54,83.37,44.5
2023-06-30,MDV,5.02,55.98,33.54,83.37,44.48
2023-07-31,MDV,5.48,45.63,39.65,83.37,43.53
2023-08-31,MDV,5.6,45.63,39.65,83.37,43.56
2023-09-30,MDV,4.99,45.63,39.65,83.37,43.41
2023-10-31,MDV,36.87,45.63,39.65,83.37,51.38
2023-11-30,MDV,32.79,45.63,39.65,83.37,50.36
2023-12-31,MDV,29.35,45.63,39.65,83.37,49.5
2024-01-31,MDV,22.92,45.63,39.65,77.38,46.39
2024-02-29,MDV,19.84,45.63,39.65,77.38,45.62
2024-03-31,MDV,15.04,45.63,39.65,77.38,44.42
2024-04-30,MDV,15.88,45.63,39.65,77.38,44.63
2024-05-31,MDV,15.63,45.63,39.65,77.38,44.57
2024-06-30,MDV,23.37,45.63,39.65,77.38,46.51
2024-07-31,MDV,25.96,38.75,53.32,77.38,48.85
2024-08-31,MDV,28.05,38.75,53.32,77.38,49.37
2024-09-30,MDV,27.07,38.75,53.32,77.38,49.13
2024-10-31,MDV,15.73,38.75,53.32,77.38,46.29
2024-11-30,MDV,19.92,38.75,53.32,77.38,47.34
2024-12-31,MDV,20.59,38.75,53.32,77.38,47.51
2025-01-31,MDV,23.83,38.75,53.32,75.39,47.82
2025-02-28,MDV,21.14,38.75,53.32,75.39,47.15
2025-03-31,MDV,25.56,38.75,53.32,75.39,48.25
2025-04-30,MDV,40.29,38.75,53.32,75.39,51.94
2025-05-31,MDV,30.97,38.75,53.32,75.39,49.61
2025-06-30,MDV,22.88,38.75,53.32,75.39,47.58
2025-07-31,MDV,5.95,33.65,52.62,75.39,41.9
2025-08-31,MDV,12.24,33.65,52.62,75.39,43.47
2025-09-30,MDV,11.65,33.65,52.62,75.39,43.33
2025-10-31,MDV,18.55,33.65,52.62,75.39,45.05
2025-11-30,MDV,23.34,33.65,52.62,75.39,46.25
2025-12-31,MDV,24.17,33.65,52.62,75.39,46.46
2026-01-31,MDV,19.23,33.65,52.62,75.65,45.29
2026-02-28,MDV,20.3,33.65,52.62,75.65,45.56
2026-03-31,MDV,32.08,33.65,52.62,75.65,48.5
2026-04-30,MDV,19.04,33.65,52.62,75.65,45.24
2026-05-31,MDV,14.69,33.65,52.62,75.65,44.15
2026-06-30,MDV,10.77,33.65,52.62,75.65,43.17
2026-07-31,MDV,20.25,33.65,51.3,75.65,45.21
2026-08-31,MDV,14.94,33.65,51.3,75.65,43.88
2026-09-30,MDV,16.91,33.65,51.3,75.65,44.38
2000-01-31,IND,,,,81.0,
2000-02-29,IND,,,,81.0,
2000-03-31,IND,,,,81.0,
2000-04-30,IND,,,,81.0,
2000-05-31,IND,,,,81.0,
2000-06-30,IND,,,,81.0,
2000-07-31,IND,,,,81.0,
2000-08-31,IND,,,,81.0,
2000-09-30,IND,,,,81.0,
2000-10-31,IND,,,,81.0,
2000-11-30,IND,,,,81.0,
2000-12-31,IND,,,,81.0,
2001-01-31,IND,,,,81.07,
2001-02-28,IND,,,,81.07,
2001-03-31,IND,,,,81.07,
2001-04-30,IND,,,,81.07,
2001-05-31,IND,,,,81.07,
2001-06-30,IND,,,,81.07,
2001-07-31,IND,,16.43,39.21,81.07,45.57
2001-08-31,IND,,16.43,39.21,81.07,45.57
2001-09-30,IND,,16.43,39.21,81.07,45.57
2001-10-31,IND,,16.43,39.21,81.07,45.57
2001-11-30,IND,,16.43,39.21,81.07,45.57
2001-12-31,IND,,16.43,39.21,81.07,45.57
2002-01-31,IND,,16.43,39.21,80.27,45.3
2002-02-28,IND,,16.43,39.21,80.27,45.3
2002-03-31,IND,,16.43,39.21,80.27,45.3
2002-04-30,IND,,16.43,39.21,80.27,45.3
2002-05-31,IND,,16.43,39.21,80.27,45.3
2002-06-30,IND,,16.43,39.21,80.27,45.3
2002-07-31,IND,,13.66,35.41,80.27,43.11
2002-08-31,IND,,13.66,35.41,80.27,43.11
2002-09-30,IND,,13.66,35.41,80.27,43.11
2002-10-31,IND,,13.66,35.41,80.27,43.11
2002-11-30,IND,,13.66,35.41,80.27,43.11
2002-12-31,IND,,13.66,35.41,80.27,43.11
2003-01-31,IND,,13.66,35.41,79.22,42.76
2003-02-28,IND,,13.66,35.41,79.22,42.76
2003-03-31,IND,,13.66,35.41,79.22,42.76
2003-04-30,IND,,13.66,35.41,79.22,42.76
2003-05-31,IND,,13.66,35.41,79.22,42.76
2003-06-30,IND,,13.66,35.41,79.22,42.76
2003-07-31,IND,,17.09,32.41,79.22,42.91
2003-08-31,IND,,17.09,32.41,79.22,42.91
2003-09-30,IND,,17.09,32.41,79.22,42.91
2003-10-31,IND,,17.09,32.41,79.22,42.91
2003-11-30,IND,,17.09,32.41,79.22,42.91
2003-12-31,IND,,17.09,32.41,79.22,42.91
2004-01-31,IND,0.14,17.09,32.41,78.44,32.02
2004-02-29,IND,0.14,17.09,32.41,78.44,32.02
2004-03-31,IND,0.2,17.09,32.41,78.44,32.04
2004-04-30,IND,0.27,17.09,32.41,78.44,32.05
2004-05-31,IND,0.33,17.09,32.41,78.44,32.07
2004-06-30,IND,0.32,17.09,32.41,78.44,32.06
2004-07-31,IND,0.29,21.47,24.53,78.44,31.18
2004-08-31,IND,0.24,21.47,24.53,78.44,31.17
2004-09-30,IND,0.17,21.47,24.53,78.44,31.15
2004-10-31,IND,0.16,21.47,24.53,78.44,31.15
2004-11-30,IND,0.18,21.47,24.53,78.44,31.15
2004-12-31,IND,3.57,21.47,24.53,78.44,32.0
2005-01-31,IND,4.04,21.47,24.53,76.81,31.71
2005-02-28,IND,3.83,21.47,24.53,76.81,31.66
2005-03-31,IND,5.44,21.47,24.53,76.81,32.06
2005-04-30,IND,4.45,21.47,24.53,76.81,31.82
2005-05-31,IND,3.54,21.47,24.53,76.81,31.59
2005-06-30,IND,2.88,21.47,24.53,76.81,31.42
2005-07-31,IND,2.43,7.99,26.42,76.81,28.41
2005-08-31,IND,2.76,7.99,26.42,76.81,28.5
2005-09-30,IND,3.47,7.99,26.42,76.81,28.67
2005-10-31,IND,5.18,7.99,26.42,76.81,29.1
2005-11-30,IND,6.71,7.99,26.42,76.81,29.48
2005-12-31,IND,7.02,7.99,26.42,76.81,29.56
2006-01-31,IND,6.01,7.99,26.42,75.71,29.03
2006-02-28,IND,6.46,7.99,26.42,75.71,29.14
2006-03-31,IND,6.32,7.99,26.42,75.71,29.11
2006-04-30,IND,7.24,7.99,26.42,75.71,29.34
2006-05-31,IND,8.48,7.99,26.42,75.71,29.65
2006-06-30,IND,8.72,7.99,26.42,75.71,29.71
2006-07-31,IND,9.12,9.67,31.33,75.71,31.46
2006-08-31,IND,8.49,9.67,31.33,75.71,31.3
2006-09-30,IND,7.5,9.67,31.33,75.71,31.05
2006-10-31,IND,5.31,9.67,31.33,75.71,30.5
2006-11-30,IND,4.26,9.67,31.33,75.71,30.24
2006-12-31,IND,4.53,9.67,31.33,75.71,30.31
2007-01-31,IND,5.48,9.67,31.33,73.99,30.12
2007-02-28,IND,5.19,9.67,31.33,73.99,30.05
2007-03-31,IND,4.03,9.67,31.33,73.99,29.76
2007-04-30,IND,1.07,9.67,31.33,73.99,29.02
2007-05-31,IND,0.27,9.67,31.33,73.99,28.82
2007-06-30,IND,0.24,9.67,31.33,73.99,28.81
2007-07-31,IND,0.2,3.07,31.68,73.99,27.23
2007-08-31,IND,0.14,3.07,31.68,73.99,27.22
2007-09-30,IND,0.17,3.07,31.68,73.99,27.23
2007-10-31,IND,0.18,3.07,31.68,73.99,27.23
2007-11-30,IND,0.17,3.07,31.68,73.99,27.23
2007-12-31,IND,0.2,3.07,31.68,73.99,27.23
2008-01-31,IND,0.36,3.07,31.68,73.86,27.24
2008-02-29,IND,0.75,3.07,31.68,73.86,27.34
2008-03-31,IND,1.65,3.07,31.68,73.86,27.56
2008-04-30,IND,5.05,3.07,31.68,73.86,28.42
2008-05-31,IND,8.04,3.07,31.68,73.86,29.16
2008-06-30,IND,8.25,3.07,31.68,73.86,29.22
2008-07-31,IND,8.02,4.13,29.33,73.86,28.83
2008-08-31,IND,8.83,4.13,29.33,73.86,29.04
2008-09-30,IND,14.32,4.13,29.33,73.86,30.41
2008-10-31,IND,18.34,4.13,29.33,73.86,31.42
2008-11-30,IND,18.62,4.13,29.33,73.86,31.48
2008-12-31,IND,17.38,4.13,29.33,73.86,31.17
2009-01-31,IND,17.52,4.13,29.33,72.76,30.93
2009-02-28,IND,19.11,4.13,29.33,72.76,31.33
2009-03-31,IND,19.77,4.13,29.33,72.76,31.5
2009-04-30,IND,17.38,4.13,29.33,72.76,30.9
2009-05-31,IND,10.86,4.13,29.33,72.76,29.27
2009-06-30,IND,11.83,4.13,29.33,72.76,29.51
2009-07-31,IND,12.51,5.04,41.95,72.76,33.06
2009-08-31,IND,11.17,5.04,41.95,72.76,32.73
2009-09-30,IND,7.3,5.04,41.95,72.76,31.76
2009-10-31,IND,3.16,5.04,41.95,72.76,30.73
2009-11-30,IND,2.26,5.04,41.95,72.76,30.5
2009-12-31,IND,3.66,5.04,41.95,72.76,30.85
2010-01-31,IND,2.97,5.04,41.95,71.88,30.46
2010-02-28,IND,0.99,5.04,41.95,71.88,29.96
2010-03-31,IND,0.2,5.04,41.95,71.88,29.77
2010-04-30,IND,0.26,5.04,41.95,71.88,29.78
2010-05-31,IND,4.97,5.04,41.95,71.88,30.96
2010-06-30,IND,4.03,5.04,41.95,71.88,30.72
2010-07-31,IND,3.77,2.73,35.07,71.88,28.36
2010-08-31,IND,3.9,2.73,35.07,71.88,28.4
2010-09-30,IND,2.55,2.73,35.07,71.88,28.06
2010-10-31,IND,2.94,2.73,35.07,71.88,28.16
2010-11-30,IND,4.8,2.73,35.07,71.88,28.62
2010-12-31,IND,3.92,2.73,35.07,71.88,28.4
2011-01-31,IND,5.17,2.73,35.07,70.66,28.41
2011-02-28,IND,5.07,2.73,35.07,70.66,28.38
2011-03-31,IND,5.28,2.73,35.07,70.66,28.44
2011-04-30,IND,5.39,2.73,35.07,70.66,28.46
2011-05-31,IND,4.33,2.73,35.07,70.66,28.2
2011-06-30,IND,3.96,2.73,35.07,70.66,28.11
2011-07-31,IND,3.03,1.8,38.61,70.66,28.52
2011-08-31,IND,4.54,1.8,38.61,70.66,28.9
2011-09-30,IND,9.68,1.8,38.61,70.66,30.18
2011-10-31,IND,11.61,1.8,38.61,70.66,30.67
2011-11-30,IND,12.43,1.8,38.61,70.66,30.87
2011-12-31,IND,14.55,1.8,38.61,70.66,31.4
2012-01-31,IND,9.9,1.8,38.61,69.54,29.96
2012-02-29,IND,10.17,1.8,38.61,69.54,30.03
2012-03-31,IND,13.43,1.8,38.61,69.54,30.84
2012-04-30,IND,14.79,1.8,38.61,69.54,31.18
2012-05-31,IND,17.1,1.8,38.61,69.54,31.76
2012-06-30,IND,18.65,1.8,38.61,69.54,32.15
2012-07-31,IND,18.29,1.95,42.37,69.54,33.04
2012-08-31,IND,16.17,1.95,42.37,69.54,32.51
2012-09-30,IND,9.97,1.95,42.37,69.54,30.96
2012-10-31,IND,9.89,1.95,42.37,69.54,30.94
2012-11-30,IND,9.23,1.95,42.37,69.54,30.77
2012-12-31,IND,7.45,1.95,42.37,69.54,30.33
2013-01-31,IND,9.98,1.95,42.37,68.29,30.65
2013-02-28,IND,10.52,1.95,42.37,68.29,30.78
2013-03-31,IND,8.52,1.95,42.37,68.29,30.28
2013-04-30,IND,7.43,1.95,42.37,68.29,30.01
2013-05-31,IND,6.13,1.95,42.37,68.29,29.68
2013-06-30,IND,8.59,1.95,42.37,68.29,30.3
2013-07-31,IND,9.38,2.3,43.69,68.29,30.92
2013-08-31,IND,16.22,2.3,43.69,68.29,32.62
2013-09-30,IND,14.0,2.3,43.69,68.29,32.07
2013-10-31,IND,12.61,2.3,43.69,68.29,31.72
2013-11-30,IND,11.74,2.3,43.69,68.29,31.5
2013-12-31,IND,11.69,2.3,43.69,68.29,31.49
2014-01-31,IND,13.61,2.3,43.69,67.67,31.82
2014-02-28,IND,12.95,2.3,43.69,67.67,31.65
2014-03-31,IND,10.93,2.3,43.69,67.67,31.15
2014-04-30,IND,11.31,2.3,43.69,67.67,31.24
2014-05-31,IND,7.91,2.3,43.69,67.67,30.39
2014-06-30,IND,5.51,2.3,43.69,67.67,29.79
2014-07-31,IND,6.1,3.11,41.73,67.67,29.65
2014-08-31,IND,0.63,3.11,41.73,67.67,28.28
2014-09-30,IND,5.1,3.11,41.73,67.67,29.4
2014-10-31,IND,5.43,3.11,41.73,67.67,29.48
2014-11-30,IND,5.11,3.11,41.73,67.67,29.41
2014-12-31,IND,7.14,3.11,41.73,67.67,29.91
2015-01-31,IND,5.04,3.11,41.73,66.27,29.04
2015-02-28,IND,5.25,3.11,41.73,66.27,29.09
2015-03-31,IND,7.42,3.11,41.73,66.27,29.63
2015-04-30,IND,7.5,3.11,41.73,66.27,29.65
2015-05-31,IND,9.69,3.11,41.73,66.27,30.2
2015-06-30,IND,8.32,3.11,41.73,66.27,29.86
2015-07-31,IND,8.69,3.49,36.53,66.27,28.75
2015-08-31,IND,9.98,3.49,36.53,66.27,29.07
2015-09-30,IND,9.69,3.49,36.53,66.27,29.0
2015-10-31,IND,8.92,3.49,36.53,66.27,28.8
2015-11-30,IND,9.28,3.49,36.53,66.27,28.89
2015-12-31,IND,7.54,3.49,36.53,66.27,28.46
2016-01-31,IND,10.54,3.49,36.53,65.69,29.07
2016-02-29,IND,11.15,3.49,36.53,65.69,29.22
2016-03-31,IND,8.6,3.49,36.53,65.69,28.58
2016-04-30,IND,8.22,3.49,36.53,65.69,28.49
2016-05-31,IND,8.01,3.49,36.53,65.69,28.43
2016-06-30,IND,8.84,3.49,36.53,65.69,28.64
2016-07-31,IND,7.94,3.93,32.39,65.69,27.49
2016-08-31,IND,6.3,3.93,32.39,65.69,27.08
2016-09-30,IND,5.56,3.93,32.39,65.69,26.89
2016-10-31,IND,6.6,3.93,32.39,65.69,27.15
2016-11-30,IND,7.01,3.93,32.39,65.69,27.26
2016-12-31,IND,6.77,3.93,32.39,65.69,27.2
2017-01-31,IND,5.56,3.93,32.39,67.04,27.23
2017-02-28,IND,3.98,3.93,32.39,67.04,26.83
2017-03-31,IND,4.35,3.93,32.39,67.04,26.93
2017-04-30,IND,3.76,3.93,32.39,67.04,26.78
2017-05-31,IND,3.7,3.93,32.39,67.04,26.76
2017-06-30,IND,3.22,3.93,32.39,67.04,26.64
2017-07-31,IND,3.46,5.59,31.26,67.04,26.84
2017-08-31,IND,3.23,5.59,31.26,67.04,26.78
2017-09-30,IND,4.78,5.59,31.26,67.04,27.17
2017-10-31,IND,4.03,5.59,31.26,67.04,26.98
2017-11-30,IND,2.61,5.59,31.26,67.04,26.62
2017-12-31,IND,2.73,5.59,31.26,67.04,26.65
2018-01-31,IND,2.32,5.59,31.26,62.21,25.34
2018-02-28,IND,4.16,5.59,31.26,62.21,25.8
2018-03-31,IND,5.72,5.59,31.26,62.21,26.2
2018-04-30,IND,7.71,5.59,31.26,62.21,26.69
2018-05-31,IND,8.33,5.59,31.26,62.21,26.85
2018-06-30,IND,8.88,5.59,31.26,62.21,26.99
2018-07-31,IND,9.02,3.14,32.54,62.21,26.73
2018-08-31,IND,10.93,3.14,32.54,62.21,27.21
2018-09-30,IND,11.36,3.14,32.54,62.21,27.31
2018-10-31,IND,12.3,3.14,32.54,62.21,27.55
2018-11-30,IND,10.37,3.14,32.54,62.21,27.07
2018-12-31,IND,10.23,3.14,32.54,62.21,27.03
2019-01-31,IND,11.8,3.14,32.54,58.12,26.4
2019-02-28,IND,10.31,3.14,32.54,58.12,26.03
2019-03-31,IND,8.98,3.14,32.54,58.12,25.7
2019-04-30,IND,7.75,3.14,32.54,58.12,25.39
2019-05-31,IND,6.82,3.14,32.54,58.12,25.16
2019-06-30,IND,5.97,3.14,32.54,58.12,24.94
2019-07-31,IND,5.81,4.64,35.65,58.12,26.05
2019-08-31,IND,6.19,4.64,35.65,58.12,26.15
2019-09-30,IND,4.51,4.64,35.65,58.12,25.73
2019-10-31,IND,3.89,4.64,35.65,58.12,25.57
2019-11-30,IND,6.26,4.64,35.65,58.12,26.17
2019-12-31,IND,6.49,4.64,35.65,58.12,26.23
2020-01-31,IND,5.33,4.64,35.65,55.18,25.2
2020-02-29,IND,6.23,4.64,35.65,55.18,25.43
2020-03-31,IND,9.91,4.64,35.65,55.18,26.35
2020-04-30,IND,10.45,4.64,35.65,55.18,26.48
2020-05-31,IND,10.13,4.64,35.65,55.18,26.4
2020-06-30,IND,10.19,4.64,35.65,55.18,26.42
2020-07-31,IND,9.79,3.33,35.97,55.18,26.06
2020-08-31,IND,7.01,3.33,35.97,55.18,25.37
2020-09-30,IND,7.46,3.33,35.97,55.18,25.48
2020-10-31,IND,7.9,3.33,35.97,55.18,25.59
2020-11-30,IND,7.27,3.33,35.97,55.18,25.44
2020-12-31,IND,7.02,3.33,35.97,55.18,25.37
2021-01-31,IND,6.65,3.33,35.97,54.07,25.0
2021-02-28,IND,6.36,3.33,35.97,54.07,24.93
2021-03-31,IND,3.76,3.33,35.97,54.07,24.28
2021-04-30,IND,4.19,3.33,35.97,54.07,24.39
2021-05-31,IND,3.44,3.33,35.97,54.07,24.2
2021-06-30,IND,4.68,3.33,35.97,54.07,24.51
2021-07-31,IND,5.14,5.83,41.99,54.07,26.76
2021-08-31,IND,5.34,5.83,41.99,54.07,26.81
2021-09-30,IND,5.65,5.83,41.99,54.07,26.88
2021-10-31,IND,5.88,5.83,41.99,54.07,26.94
2021-11-30,IND,6.14,5.83,41.99,54.07,27.01
2021-12-31,IND,6.27,5.83,41.99,54.07,27.04
2022-01-31,IND,7.05,5.83,41.99,53.72,27.15
2022-02-28,IND,7.06,5.83,41.99,53.72,27.15
2022-03-31,IND,7.56,5.83,41.99,53.72,27.27
2022-04-30,IND,7.09,5.83,41.99,53.72,27.16
2022-05-31,IND,8.96,5.83,41.99,53.72,27.62
2022-06-30,IND,8.71,5.83,41.99,53.72,27.56
2022-07-31,IND,9.06,2.79,27.98,53.72,23.39
2022-08-31,IND,9.86,2.79,27.98,53.72,23.59
2022-09-30,IND,10.36,2.79,27.98,53.72,23.71
2022-10-31,IND,10.59,2.79,27.98,53.72,23.77
2022-11-30,IND,9.95,2.79,27.98,53.72,23.61
2022-12-31,IND,11.01,2.79,27.98,53.72,23.87
2023-01-31,IND,9.67,2.79,27.98,52.4,23.21
2023-02-28,IND,10.42,2.79,27.98,52.4,23.4
2023-03-31,IND,9.81,2.79,27.98,52.4,23.24
2023-04-30,IND,8.83,2.79,27.98,52.4,23.0
2023-05-31,IND,8.59,2.79,27.98,52.4,22.94
2023-06-30,IND,7.31,2.79,27.98,52.4,22.62
2023-07-31,IND,7.22,2.44,36.26,52.4,24.58
2023-08-31,IND,7.04,2.44,36.26,52.4,24.54
2023-09-30,IND,6.56,2.44,36.26,52.4,24.42
2023-10-31,IND,37.38,2.44,36.26,52.4,32.12
2023-11-30,IND,33.7,2.44,36.26,52.4,31.2
2023-12-31,IND,29.43,2.44,36.26,52.4,30.13
2024-01-31,IND,23.51,2.44,36.26,51.84,28.51
2024-02-29,IND,19.93,2.44,36.26,51.84,27.62
2024-03-31,IND,15.43,2.44,36.26,51.84,26.49
2024-04-30,IND,16.35,2.44,36.26,51.84,26.72
2024-05-31,IND,15.78,2.44,36.26,51.84,26.58
2024-06-30,IND,23.55,2.44,36.26,51.84,28.52
2024-07-31,IND,26.29,2.89,33.86,51.84,28.72
2024-08-31,IND,28.43,2.89,33.86,51.84,29.26
2024-09-30,IND,27.2,2.89,33.86,51.84,28.95
2024-10-31,IND,15.91,2.89,33.86,51.84,26.13
2024-11-30,IND,20.24,2.89,33.86,51.84,27.21
2024-12-31,IND,21.5,2.89,33.86,51.84,27.52
2025-01-31,IND,24.8,2.89,33.86,51.82,28.34
2025-02-28,IND,22.36,2.89,33.86,51.82,27.73
2025-03-31,IND,26.28,2.89,33.86,51.82,28.71
2025-04-30,IND,40.88,2.89,33.86,51.82,32.36
2025-05-31,IND,31.63,2.89,33.86,51.82,30.05
2025-06-30,IND,23.61,2.89,33.86,51.82,28.04
2025-07-31,IND,6.99,3.32,34.06,51.82,24.05
2025-08-31,IND,13.37,3.32,34.06,51.82,25.64
2025-09-30,IND,13.17,3.32,34.06,51.82,25.59
2025-10-31,IND,19.86,3.32,34.06,51.82,27.26
2025-11-30,IND,24.79,3.32,34.06,51.82,28.5
2025-12-31,IND,25.53,3.32,34.06,51.82,28.68
2026-01-31,IND,20.73,3.32,34.06,51.44,27.39
2026-02-28,IND,21.43,3.32,34.06,51.44,27.56
2026-03-31,IND,34.78,3.32,34.06,51.44,30.9
2026-04-30,IND,21.9,3.32,34.06,51.44,27.68
2026-05-31,IND,17.9,3.32,34.06,51.44,26.68
2026-06-30,IND,13.4,3.32,34.06,51.44,25.55
2026-07-31,IND,22.77,3.32,30.84,51.44,27.09
2026-08-31,IND,17.25,3.32,30.84,51.44,25.71
2026-09-30,IND,19.05,3.32,30.84,51.44,26.16
2000-01-31,KAZ,,,,15.28,
2000-02-29,KAZ,,,,15.28,
2000-03-31,KAZ,,,,15.28,
2000-04-30,KAZ,,,,15.28,
2000-05-31,KAZ,,,,15.28,
2000-06-30,KAZ,,,,15.28,
2000-07-31,KAZ,,,,15.28,
2000-08-31,KAZ,,,,15.28,
2000-09-30,KAZ,,,,15.28,
2000-10-31,KAZ,,,,15.28,
2000-11-30,KAZ,,,,15.28,
2000-12-31,KAZ,,,,15.28,
2001-01-31,KAZ,,,,14.64,
2001-02-28,KAZ,,,,14.64,
2001-03-31,KAZ,,,,14.64,
2001-04-30,KAZ,,,,14.64,
2001-05-31,KAZ,,,,14.64,
2001-06-30,KAZ,,,,14.64,
2001-07-31,KAZ,,18.22,43.01,14.64,25.29
2001-08-31,KAZ,,18.22,43.01,14.64,25.29
2001-09-30,KAZ,,18.22,43.01,14.64,25.29
2001-10-31,KAZ,,18.22,43.01,14.64,25.29
2001-11-30,KAZ,,18.22,43.01,14.64,25.29
2001-12-31,KAZ,,18.22,43.01,14.64,25.29
2002-01-31,KAZ,,18.22,43.01,12.48,24.57
2002-02-28,KAZ,,18.22,43.01,12.48,24.57
2002-03-31,KAZ,,18.22,43.01,12.48,24.57
2002-04-30,KAZ,,18.22,43.01,12.48,24.57
2002-05-31,KAZ,,18.22,43.01,12.48,24.57
2002-06-30,KAZ,,18.22,43.01,12.48,24.57
2002-07-31,KAZ,,18.52,38.7,12.48,23.23
2002-08-31,KAZ,,18.52,38.7,12.48,23.23
2002-09-30,KAZ,,18.52,38.7,12.48,23.23
2002-10-31,KAZ,,18.52,38.7,12.48,23.23
2002-11-30,KAZ,,18.52,38.7,12.48,23.23
2002-12-31,KAZ,,18.52,38.7,12.48,23.23
2003-01-31,KAZ,,18.52,38.7,11.58,22.93
2003-02-28,KAZ,,18.52,38.7,11.58,22.93
2003-03-31,KAZ,,18.52,38.7,11.58,22.93
2003-04-30,KAZ,,18.52,38.7,11.58,22.93
2003-05-31,KAZ,,18.52,38.7,11.58,22.93
2003-06-30,KAZ,,18.52,38.7,11.58,22.93
2003-07-31,KAZ,,23.58,39.56,11.58,24.91
2003-08-31,KAZ,,23.58,39.56,11.58,24.91
2003-09-30,KAZ,,23.58,39.56,11.58,24.91
2003-10-31,KAZ,,23.58,39.56,11.58,24.91
2003-11-30,KAZ,,23.58,39.56,11.58,24.91
2003-12-31,KAZ,,23.58,39.56,11.58,24.91
2004-01-31,KAZ,0.22,23.58,39.56,11.11,18.62
2004-02-29,KAZ,0.2,23.58,39.56,11.11,18.61
2004-03-31,KAZ,0.19,23.58,39.56,11.11,18.61
2004-04-30,KAZ,0.14,23.58,39.56,11.11,18.6
2004-05-31,KAZ,0.14,23.58,39.56,11.11,18.6
2004-06-30,KAZ,0.13,23.58,39.56,11.11,18.6
2004-07-31,KAZ,0.13,17.16,37.72,11.11,16.53
2004-08-31,KAZ,0.5,17.16,37.72,11.11,16.62
2004-09-30,KAZ,0.49,17.16,37.72,11.11,16.62
2004-10-31,KAZ,0.67,17.16,37.72,11.11,16.67
2004-11-30,KAZ,0.47,17.16,37.72,11.11,16.62
2004-12-31,KAZ,1.86,17.16,37.72,11.11,16.96
2005-01-31,KAZ,2.77,17.16,37.72,10.47,17.03
2005-02-28,KAZ,2.91,17.16,37.72,10.47,17.06
2005-03-31,KAZ,5.27,17.16,37.72,10.47,17.65
2005-04-30,KAZ,5.2,17.16,37.72,10.47,17.64
2005-05-31,KAZ,5.82,17.16,37.72,10.47,17.79
2005-06-30,KAZ,6.87,17.16,37.72,10.47,18.05
2005-07-31,KAZ,7.05,18.84,35.36,10.47,17.93
2005-08-31,KAZ,5.15,18.84,35.36,10.47,17.46
2005-09-30,KAZ,7.24,18.84,35.36,10.47,17.98
2005-10-31,KAZ,7.96,18.84,35.36,10.47,18.16
2005-11-30,KAZ,8.37,18.84,35.36,10.47,18.26
2005-12-31,KAZ,7.98,18.84,35.36,10.47,18.17
2006-01-31,KAZ,7.72,18.84,35.36,10.1,18.01
2006-02-28,KAZ,7.13,18.84,35.36,10.1,17.86
2006-03-31,KAZ,2.47,18.84,35.36,10.1,16.69
2006-04-30,KAZ,1.76,18.84,35.36,10.1,16.52
2006-05-31,KAZ,0.65,18.84,35.36,10.1,16.24
2006-06-30,KAZ,0.27,18.84,35.36,10.1,16.15
2006-07-31,KAZ,0.27,19.37,39.15,10.1,17.23
2006-08-31,KAZ,2.63,19.37,39.15,10.1,17.82
2006-09-30,KAZ,1.94,19.37,39.15,10.1,17.64
2006-10-31,KAZ,2.08,19.37,39.15,10.1,17.68
2006-11-30,KAZ,2.13,19.37,39.15,10.1,17.69
2006-12-31,KAZ,1.9,19.37,39.15,10.1,17.63
2007-01-31,KAZ,2.18,19.37,39.15,8.9,17.4
2007-02-28,KAZ,1.9,19.37,39.15,8.9,17.33
2007-03-31,KAZ,4.3,19.37,39.15,8.9,17.93
2007-04-30,KAZ,4.25,19.37,39.15,8.9,17.92
2007-05-31,KAZ,7.0,19.37,39.15,8.9,18.61
2007-06-30,KAZ,8.24,19.37,39.15,8.9,18.91
2007-07-31,KAZ,8.79,18.45,36.02,8.9,18.04
2007-08-31,KAZ,7.01,18.45,36.02,8.9,17.59
2007-09-30,KAZ,4.49,18.45,36.02,8.9,16.96
2007-10-31,KAZ,4.33,18.45,36.02,8.9,16.92
2007-11-30,KAZ,4.29,18.45,36.02,8.9,16.91
2007-12-31,KAZ,4.59,18.45,36.02,8.9,16.99
2008-01-31,KAZ,4.63,18.45,36.02,7.78,16.72
2008-02-29,KAZ,5.52,18.45,36.02,7.78,16.94
2008-03-31,KAZ,6.05,18.45,36.02,7.78,17.07
2008-04-30,KAZ,6.94,18.45,36.02,7.78,17.3
2008-05-31,KAZ,5.21,18.45,36.02,7.78,16.86
2008-06-30,KAZ,5.3,18.45,36.02,7.78,16.89
2008-07-31,KAZ,4.63,19.37,43.93,7.78,18.93
2008-08-31,KAZ,3.71,19.37,43.93,7.78,18.7
2008-09-30,KAZ,5.46,19.37,43.93,7.78,19.14
2008-10-31,KAZ,6.01,19.37,43.93,7.78,19.27
2008-11-30,KAZ,6.0,19.37,43.93,7.78,19.27
2008-12-31,KAZ,6.16,19.37,43.93,7.78,19.31
2009-01-31,KAZ,6.42,19.37,43.93,7.35,19.27
2009-02-28,KAZ,16.46,19.37,43.93,7.35,21.78
2009-03-31,KAZ,16.2,19.37,43.93,7.35,21.71
2009-04-30,KAZ,16.27,19.37,43.93,7.35,21.73
2009-05-31,KAZ,15.29,19.37,43.93,7.35,21.48
2009-06-30,KAZ,15.3,19.37,43.93,7.35,21.49
2009-07-31,KAZ,15.54,15.75,53.02,7.35,22.91
2009-08-31,KAZ,15.85,15.75,53.02,7.35,22.99
2009-09-30,KAZ,16.0,15.75,53.02,7.35,23.03
2009-10-31,KAZ,15.54,15.75,53.02,7.35,22.91
2009-11-30,KAZ,14.64,15.75,53.02,7.35,22.69
2009-12-31,KAZ,14.44,15.75,53.02,7.35,22.64
2010-01-31,KAZ,14.21,15.75,53.02,6.07,22.26
2010-02-28,KAZ,4.61,15.75,53.02,6.07,19.86
2010-03-31,KAZ,4.27,15.75,53.02,6.07,19.78
2010-04-30,KAZ,4.29,15.75,53.02,6.07,19.78
2010-05-31,KAZ,4.44,15.75,53.02,6.07,19.82
2010-06-30,KAZ,4.67,15.75,53.02,6.07,19.88
2010-07-31,KAZ,4.61,18.37,45.9,6.07,18.74
2010-08-31,KAZ,4.11,18.37,45.9,6.07,18.61
2010-09-30,KAZ,4.45,18.37,45.9,6.07,18.7
2010-10-31,KAZ,4.55,18.37,45.9,6.07,18.72
2010-11-30,KAZ,5.29,18.37,45.9,6.07,18.91
2010-12-31,KAZ,5.38,18.37,45.9,6.07,18.93
2011-01-31,KAZ,5.18,18.37,45.9,5.14,18.65
2011-02-28,KAZ,5.26,18.37,45.9,5.14,18.67
2011-03-31,KAZ,5.19,18.37,45.9,5.14,18.65
2011-04-30,KAZ,5.28,18.37,45.9,5.14,18.67
2011-05-31,KAZ,5.03,18.37,45.9,5.14,18.61
2011-06-30,KAZ,5.33,18.37,45.9,5.14,18.69
2011-07-31,KAZ,5.25,15.76,37.84,5.14,16.0
2011-08-31,KAZ,5.6,15.76,37.84,5.14,16.09
2011-09-30,KAZ,5.7,15.76,37.84,5.14,16.11
2011-10-31,KAZ,5.69,15.76,37.84,5.14,16.11
2011-11-30,KAZ,5.79,15.76,37.84,5.14,16.13
2011-12-31,KAZ,5.61,15.76,37.84,5.14,16.09
2012-01-31,KAZ,5.74,15.76,37.84,3.56,15.72
2012-02-29,KAZ,5.95,15.76,37.84,3.56,15.78
2012-03-31,KAZ,6.12,15.76,37.84,3.56,15.82
2012-04-30,KAZ,6.18,15.76,37.84,3.56,15.83
2012-05-31,KAZ,6.53,15.76,37.84,3.56,15.92
2012-06-30,KAZ,6.31,15.76,37.84,3.56,15.87
2012-07-31,KAZ,6.49,12.11,37.1,3.56,14.82
2012-08-31,KAZ,6.5,12.11,37.1,3.56,14.82
2012-09-30,KAZ,6.01,12.11,37.1,3.56,14.69
2012-10-31,KAZ,6.26,12.11,37.1,3.56,14.76
2012-11-30,KAZ,5.93,12.11,37.1,3.56,14.68
2012-12-31,KAZ,6.44,12.11,37.1,3.56,14.8
2013-01-31,KAZ,6.32,12.11,37.1,3.03,14.64
2013-02-28,KAZ,6.44,12.11,37.1,3.03,14.67
2013-03-31,KAZ,6.47,12.11,37.1,3.03,14.68
2013-04-30,KAZ,6.41,12.11,37.1,3.03,14.66
2013-05-31,KAZ,6.4,12.11,37.1,3.03,14.66
2013-06-30,KAZ,6.28,12.11,37.1,3.03,14.63
2013-07-31,KAZ,6.63,12.14,41.3,3.03,15.78
2013-08-31,KAZ,6.66,12.14,41.3,3.03,15.78
2013-09-30,KAZ,6.86,12.14,41.3,3.03,15.83
2013-10-31,KAZ,6.68,12.14,41.3,3.03,15.79
2013-11-30,KAZ,6.69,12.14,41.3,3.03,15.79
2013-12-31,KAZ,6.87,12.14,41.3,3.03,15.83
2014-01-31,KAZ,7.06,12.14,41.3,2.19,15.67
2014-02-28,KAZ,6.76,12.14,41.3,2.19,15.6
2014-03-31,KAZ,5.97,12.14,41.3,2.19,15.4
2014-04-30,KAZ,6.02,12.14,41.3,2.19,15.41
2014-05-31,KAZ,6.25,12.14,41.3,2.19,15.47
2014-06-30,KAZ,6.06,12.14,41.3,2.19,15.42
2014-07-31,KAZ,5.54,11.78,40.8,2.19,15.08
2014-08-31,KAZ,5.02,11.78,40.8,2.19,14.95
2014-09-30,KAZ,5.23,11.78,40.8,2.19,15.0
2014-10-31,KAZ,5.05,11.78,40.8,2.19,14.95
2014-11-30,KAZ,4.99,11.78,40.8,2.19,14.94
2014-12-31,KAZ,4.81,11.78,40.8,2.19,14.9
2015-01-31,KAZ,5.2,11.78,40.8,2.4,15.05
2015-02-28,KAZ,5.5,11.78,40.8,2.4,15.12
2015-03-31,KAZ,6.3,11.78,40.8,2.4,15.32
2015-04-30,KAZ,6.31,11.78,40.8,2.4,15.32
2015-05-31,KAZ,6.0,11.78,40.8,2.4,15.25
2015-06-30,KAZ,6.18,11.78,40.8,2.4,15.29
2015-07-31,KAZ,6.45,14.54,43.63,2.4,16.76
2015-08-31,KAZ,23.13,14.54,43.63,2.4,20.93
2015-09-30,KAZ,31.23,14.54,43.63,2.4,22.95
2015-10-31,KAZ,33.69,14.54,43.63,2.4,23.57
2015-11-30,KAZ,40.67,14.54,43.63,2.4,25.31
2015-12-31,KAZ,49.21,14.54,43.63,2.4,27.45
2016-01-31,KAZ,50.72,14.54,43.63,2.98,27.97
2016-02-29,KAZ,50.55,14.54,43.63,2.98,27.93
2016-03-31,KAZ,48.49,14.54,43.63,2.98,27.41
2016-04-30,KAZ,44.54,14.54,43.63,2.98,26.42
2016-05-31,KAZ,46.01,14.54,43.63,2.98,26.79
2016-06-30,KAZ,46.73,14.54,43.63,2.98,26.97
2016-07-31,KAZ,49.88,18.49,47.05,2.98,29.6
2016-08-31,KAZ,26.0,18.49,47.05,2.98,23.63
2016-09-30,KAZ,17.79,18.49,47.05,2.98,21.58
2016-10-31,KAZ,15.34,18.49,47.05,2.98,20.96
2016-11-30,KAZ,11.0,18.49,47.05,2.98,19.88
2016-12-31,KAZ,4.48,18.49,47.05,2.98,18.25
2017-01-31,KAZ,0.34,18.49,47.05,1.94,16.96
2017-02-28,KAZ,0.48,18.49,47.05,1.94,16.99
2017-03-31,KAZ,1.69,18.49,47.05,1.94,17.29
2017-04-30,KAZ,3.4,18.49,47.05,1.94,17.72
2017-05-31,KAZ,1.99,18.49,47.05,1.94,17.37
2017-06-30,KAZ,3.31,18.49,47.05,1.94,17.7
2017-07-31,KAZ,1.95,19.72,51.35,1.94,18.74
2017-08-31,KAZ,5.54,19.72,51.35,1.94,19.64
2017-09-30,KAZ,6.3,19.72,51.35,1.94,19.83
2017-10-31,KAZ,5.92,19.72,51.35,1.94,19.73
2017-11-30,KAZ,4.69,19.72,51.35,1.94,19.43
2017-12-31,KAZ,5.57,19.72,51.35,1.94,19.65
2018-01-31,KAZ,5.09,19.72,51.35,1.26,19.35
2018-02-28,KAZ,6.91,19.72,51.35,1.26,19.81
2018-03-31,KAZ,6.42,19.72,51.35,1.26,19.69
2018-04-30,KAZ,8.09,19.72,51.35,1.26,20.11
2018-05-31,KAZ,8.96,19.72,51.35,1.26,20.32
2018-06-30,KAZ,8.68,19.72,51.35,1.26,20.25
2018-07-31,KAZ,8.97,17.33,42.25,1.26,17.45
2018-08-31,KAZ,9.78,17.33,42.25,1.26,17.65
2018-09-30,KAZ,9.13,17.33,42.25,1.26,17.49
2018-10-31,KAZ,10.91,17.33,42.25,1.26,17.94
2018-11-30,KAZ,12.1,17.33,42.25,1.26,18.23
2018-12-31,KAZ,12.04,17.33,42.25,1.26,18.22
2019-01-31,KAZ,14.59,17.33,42.25,1.65,18.95
2019-02-28,KAZ,14.7,17.33,42.25,1.65,18.98
2019-03-31,KAZ,15.29,17.33,42.25,1.65,19.13
2019-04-30,KAZ,13.15,17.33,42.25,1.65,18.59
2019-05-31,KAZ,13.39,17.33,42.25,1.65,18.65
2019-06-30,KAZ,11.12,17.33,42.25,1.65,18.09
2019-07-31,KAZ,11.05,15.47,41.87,1.65,17.51
2019-08-31,KAZ,8.82,15.47,41.87,1.65,16.95
2019-09-30,KAZ,9.02,15.47,41.87,1.65,17.0
2019-10-31,KAZ,8.04,15.47,41.87,1.65,16.76
2019-11-30,KAZ,6.91,15.47,41.87,1.65,16.47
2019-12-31,KAZ,6.39,15.47,41.87,1.65,16.35
2020-01-31,KAZ,5.03,15.47,41.87,2.37,16.18
2020-02-29,KAZ,5.52,15.47,41.87,2.37,16.31
2020-03-31,KAZ,13.29,15.47,41.87,2.37,18.25
2020-04-30,KAZ,12.53,15.47,41.87,2.37,18.06
2020-05-31,KAZ,9.64,15.47,41.87,2.37,17.34
2020-06-30,KAZ,8.35,15.47,41.87,2.37,17.02
2020-07-31,KAZ,9.57,18.5,43.12,2.37,18.39
2020-08-31,KAZ,9.45,18.5,43.12,2.37,18.36
2020-09-30,KAZ,10.83,18.5,43.12,2.37,18.71
2020-10-31,KAZ,11.42,18.5,43.12,2.37,18.85
2020-11-30,KAZ,10.37,18.5,43.12,2.37,18.59
2020-12-31,KAZ,10.74,18.5,43.12,2.37,18.68
2021-01-31,KAZ,11.52,18.5,43.12,2.77,18.98
2021-02-28,KAZ,10.14,18.5,43.12,2.77,18.63
2021-03-31,KAZ,3.69,18.5,43.12,2.77,17.02
2021-04-30,KAZ,5.31,18.5,43.12,2.77,17.42
2021-05-31,KAZ,7.53,18.5,43.12,2.77,17.98
2021-06-30,KAZ,8.6,18.5,43.12,2.77,18.25
2021-07-31,KAZ,6.39,22.27,50.5,2.77,20.48
2021-08-31,KAZ,6.42,22.27,50.5,2.77,20.49
2021-09-30,KAZ,4.8,22.27,50.5,2.77,20.08
2021-10-31,KAZ,4.73,22.27,50.5,2.77,20.07
2021-11-30,KAZ,6.97,22.27,50.5,2.77,20.63
2021-12-31,KAZ,7.3,22.27,50.5,2.77,20.71
2022-01-31,KAZ,6.65,22.27,50.5,5.31,21.18
2022-02-28,KAZ,12.21,22.27,50.5,5.31,22.57
2022-03-31,KAZ,11.07,22.27,50.5,5.31,22.29
2022-04-30,KAZ,8.13,22.27,50.5,5.31,21.55
2022-05-31,KAZ,6.61,22.27,50.5,5.31,21.17
2022-06-30,KAZ,9.64,22.27,50.5,5.31,21.93
2022-07-31,KAZ,12.16,16.38,42.91,5.31,19.19
2022-08-31,KAZ,11.13,16.38,42.91,5.31,18.93
2022-09-30,KAZ,11.9,16.38,42.91,5.31,19.12
2022-10-31,KAZ,9.87,16.38,42.91,5.31,18.62
2022-11-30,KAZ,9.54,16.38,42.91,5.31,18.54
2022-12-31,KAZ,8.55,16.38,42.91,5.31,18.29
2023-01-31,KAZ,8.68,16.38,42.91,4.46,18.11
2023-02-28,KAZ,3.47,16.38,42.91,4.46,16.81
2023-03-31,KAZ,3.65,16.38,42.91,4.46,16.85
2023-04-30,KAZ,6.88,16.38,42.91,4.46,17.66
2023-05-31,KAZ,6.98,16.38,42.91,4.46,17.68
2023-06-30,KAZ,4.81,16.38,42.91,4.46,17.14
2023-07-31,KAZ,2.03,18.24,48.66,4.46,18.35
2023-08-31,KAZ,4.51,18.24,48.66,4.46,18.97
2023-09-30,KAZ,5.36,18.24,48.66,4.46,19.18
2023-10-31,KAZ,37.5,18.24,48.66,4.46,27.22
2023-11-30,KAZ,32.31,18.24,48.66,4.46,25.92
2023-12-31,KAZ,29.26,18.24,48.66,4.46,25.16
2024-01-31,KAZ,22.43,18.24,48.66,3.36,23.17
2024-02-29,KAZ,20.03,18.24,48.66,3.36,22.57
2024-03-31,KAZ,15.2,18.24,48.66,3.36,21.37
2024-04-30,KAZ,15.25,18.24,48.66,3.36,21.38
2024-05-31,KAZ,15.54,18.24,48.66,3.36,21.45
2024-06-30,KAZ,24.02,18.24,48.66,3.36,23.57
2024-07-31,KAZ,27.61,15.39,49.52,3.36,23.97
2024-08-31,KAZ,29.18,15.39,49.52,3.36,24.36
2024-09-30,KAZ,27.39,15.39,49.52,3.36,23.91
2024-10-31,KAZ,16.93,15.39,49.52,3.36,21.3
2024-11-30,KAZ,22.82,15.39,49.52,3.36,22.77
2024-12-31,KAZ,24.39,15.39,49.52,3.36,23.16
2025-01-31,KAZ,27.64,15.39,49.52,1.46,23.5
2025-02-28,KAZ,23.99,15.39,49.52,1.46,22.59
2025-03-31,KAZ,28.5,15.39,49.52,1.46,23.72
2025-04-30,KAZ,44.32,15.39,49.52,1.46,27.67
2025-05-31,KAZ,34.7,15.39,49.52,1.46,25.27
2025-06-30,KAZ,25.73,15.39,49.52,1.46,23.03
2025-07-31,KAZ,9.64,13.33,43.12,1.46,16.89
2025-08-31,KAZ,15.14,13.33,43.12,1.46,18.26
2025-09-30,KAZ,15.04,13.33,43.12,1.46,18.24
2025-10-31,KAZ,20.6,13.33,43.12,1.46,19.63
2025-11-30,KAZ,23.61,13.33,43.12,1.46,20.38
2025-12-31,KAZ,23.27,13.33,43.12,1.46,20.3
2026-01-31,KAZ,18.62,13.33,43.12,2.59,19.41
2026-02-28,KAZ,20.35,13.33,43.12,2.59,19.84
2026-03-31,KAZ,31.35,13.33,43.12,2.59,22.59
2026-04-30,KAZ,16.56,13.33,43.12,2.59,18.9
2026-05-31,KAZ,13.64,13.33,43.12,2.59,18.17
2026-06-30,KAZ,8.8,13.33,43.12,2.59,16.96
2026-07-31,KAZ,17.66,13.33,41.41,2.59,18.75
2026-08-31,KAZ,12.36,13.33,41.41,2.59,17.42
2026-09-30,KAZ,14.34,13.33,41.41,2.59,17.91
2000-01-31,UZB,,,,26.56,
2000-02-29,UZB,,,,26.56,
2000-03-31,UZB,,,,26.56,
2000-04-30,UZB,,,,26.56,
2000-05-31,UZB,,,,26.56,
2000-06-30,UZB,,,,26.56,
2000-07-31,UZB,,,,26.56,
2000-08-31,UZB,,,,26.56,
2000-09-30,UZB,,,,26.56,
2000-10-31,UZB,,,,26.56,
2000-11-30,UZB,,,,26.56,
2000-12-31,UZB,,,,26.56,
2001-01-31,UZB,,,,26.12,
2001-02-28,UZB,,,,26.12,
2001-03-31,UZB,,,,26.12,
2001-04-30,UZB,,,,26.12,
2001-05-31,UZB,,,,26.12,
2001-06-30,UZB,,,,26.12,
2001-07-31,UZB,,8.68,47.18,26.12,27.33
2001-08-31,UZB,,8.68,47.18,26.12,27.33
2001-09-30,UZB,,8.68,47.18,26.12,27.33
2001-10-31,UZB,,8.68,47.18,26.12,27.33
2001-11-30,UZB,,8.68,47.18,26.12,27.33
2001-12-31,UZB,,8.68,47.18,26.12,27.33
2002-01-31,UZB,,8.68,47.18,25.7,27.19
2002-02-28,UZB,,8.68,47.18,25.7,27.19
2002-03-31,UZB,,8.68,47.18,25.7,27.19
2002-04-30,UZB,,8.68,47.18,25.7,27.19
2002-05-31,UZB,,8.68,47.18,25.7,27.19
2002-06-30,UZB,,8.68,47.18,25.7,27.19
2002-07-31,UZB,,6.35,45.63,25.7,25.89
2002-08-31,UZB,,6.35,45.63,25.7,25.89
2002-09-30,UZB,,6.35,45.63,25.7,25.89
2002-10-31,UZB,,6.35,45.63,25.7,25.89
2002-11-30,UZB,,6.35,45.63,25.7,25.89
2002-12-31,UZB,,6.35,45.63,25.7,25.89
2003-01-31,UZB,,6.35,45.63,25.81,25.93
2003-02-28,UZB,,6.35,45.63,25.81,25.93
2003-03-31,UZB,,6.35,45.63,25.81,25.93
2003-04-30,UZB,,6.35,45.63,25.81,25.93
2003-05-31,UZB,,6.35,45.63,25.81,25.93
2003-06-30,UZB,,6.35,45.63,25.81,25.93
2003-07-31,UZB,,8.31,46.53,25.81,26.88
2003-08-31,UZB,,8.31,46.53,25.81,26.88
2003-09-30,UZB,,8.31,46.53,25.81,26.88
2003-10-31,UZB,,8.31,46.53,25.81,26.88
2003-11-30,UZB,,8.31,46.53,25.81,26.88
2003-12-31,UZB,,8.31,46.53,25.81,26.88
2004-01-31,UZB,,8.31,46.53,25.8,26.88
2004-02-29,UZB,,8.31,46.53,25.8,26.88
2004-03-31,UZB,,8.31,46.53,25.8,26.88
2004-04-30,UZB,,8.31,46.53,25.8,26.88
2004-05-31,UZB,,8.31,46.53,25.8,26.88
2004-06-30,UZB,,8.31,46.53,25.8,26.88
2004-07-31,UZB,,8.39,45.31,25.8,26.5
2004-08-31,UZB,,8.39,45.31,25.8,26.5
2004-09-30,UZB,,8.39,45.31,25.8,26.5
2004-10-31,UZB,,8.39,45.31,25.8,26.5
2004-11-30,UZB,0.0,8.39,45.31,25.8,19.87
2004-12-31,UZB,0.0,8.39,45.31,25.8,19.87
2005-01-31,UZB,0.0,8.39,45.31,27.12,20.2
2005-02-28,UZB,0.0,8.39,45.31,27.12,20.2
2005-03-31,UZB,0.0,8.39,45.31,27.12,20.2
2005-04-30,UZB,0.0,8.39,45.31,27.12,20.2
2005-05-31,UZB,0.0,8.39,45.31,27.12,20.2
2005-06-30,UZB,0.0,8.39,45.31,27.12,20.2
2005-07-31,UZB,0.0,6.47,30.12,27.12,15.93
2005-08-31,UZB,0.0,6.47,30.12,27.12,15.93
2005-09-30,UZB,9.28,6.47,30.12,27.12,18.25
2005-10-31,UZB,10.96,6.47,30.12,27.12,18.67
2005-11-30,UZB,10.96,6.47,30.12,27.12,18.67
2005-12-31,UZB,9.39,6.47,30.12,27.12,18.27
2006-01-31,UZB,5.41,6.47,30.12,27.38,17.34
2006-02-28,UZB,5.41,6.47,30.12,27.38,17.34
2006-03-31,UZB,5.41,6.47,30.12,27.38,17.34
2006-04-30,UZB,5.41,6.47,30.12,27.38,17.34
2006-05-31,UZB,5.41,6.47,30.12,27.38,17.34
2006-06-30,UZB,5.41,6.47,30.12,27.38,17.34
2006-07-31,UZB,5.41,13.15,18.8,27.38,16.18
2006-08-31,UZB,5.41,13.15,18.8,27.38,16.18
2006-09-30,UZB,5.41,13.15,18.8,27.38,16.18
2006-10-31,UZB,5.41,13.15,18.8,27.38,16.18
2006-11-30,UZB,5.41,13.15,18.8,27.38,16.18
2006-12-31,UZB,5.41,13.15,18.8,27.38,16.18
2007-01-31,UZB,5.41,13.15,18.8,26.94,16.07
2007-02-28,UZB,5.41,13.15,18.8,26.94,16.07
2007-03-31,UZB,5.41,13.15,18.8,26.94,16.07
2007-04-30,UZB,5.41,13.15,18.8,26.94,16.07
2007-05-31,UZB,5.41,13.15,18.8,26.94,16.07
2007-06-30,UZB,5.41,13.15,18.8,26.94,16.07
2007-07-31,UZB,5.41,12.61,15.79,26.94,15.19
2007-08-31,UZB,5.41,12.61,15.79,26.94,15.19
2007-09-30,UZB,5.41,12.61,15.79,26.94,15.19
2007-10-31,UZB,5.41,12.61,15.79,26.94,15.19
2007-11-30,UZB,5.41,12.61,15.79,26.94,15.19
2007-12-31,UZB,5.41,12.61,15.79,26.94,15.19
2008-01-31,UZB,5.41,12.61,15.79,25.01,14.7
2008-02-29,UZB,5.41,12.61,15.79,25.01,14.7
2008-03-31,UZB,5.41,12.61,15.79,25.01,14.7
2008-04-30,UZB,5.41,12.61,15.79,25.01,14.7
2008-05-31,UZB,5.41,12.61,15.79,25.01,14.7
2008-06-30,UZB,5.41,12.61,15.79,25.01,14.7
2008-07-31,UZB,5.41,9.07,12.77,25.01,13.06
2008-08-31,UZB,5.41,9.07,12.77,25.01,13.06
2008-09-30,UZB,5.41,9.07,12.77,25.01,13.06
2008-10-31,UZB,5.41,9.07,12.77,25.01,13.06
2008-11-30,UZB,5.41,9.07,12.77,25.01,13.06
2008-12-31,UZB,5.41,9.07,12.77,25.01,13.06
2009-01-31,UZB,5.41,9.07,12.77,24.21,12.86
2009-02-28,UZB,5.41,9.07,12.77,24.21,12.86
2009-03-31,UZB,5.41,9.07,12.77,24.21,12.86
2009-04-30,UZB,5.41,9.07,12.77,24.21,12.86
2009-05-31,UZB,5.41,9.07,12.77,24.21,12.86
2009-06-30,UZB,5.41,9.07,12.77,24.21,12.86
2009-07-31,UZB,55.77,8.63,11.33,24.21,24.98
2009-08-31,UZB,55.77,8.63,11.33,24.21,24.98
2009-09-30,UZB,55.78,8.63,11.33,24.21,24.99
2009-10-31,UZB,50.15,8.63,11.33,24.21,23.58
2009-11-30,UZB,50.15,8.63,11.33,24.21,23.58
2009-12-31,UZB,50.16,8.63,11.33,24.21,23.58
2010-01-31,UZB,50.12,8.63,11.33,22.54,23.16
2010-02-28,UZB,50.09,8.63,11.33,22.54,23.15
2010-03-31,UZB,50.05,8.63,11.33,22.54,23.14
2010-04-30,UZB,50.07,8.63,11.33,22.54,23.14
2010-05-31,UZB,50.18,8.63,11.33,22.54,23.17
2010-06-30,UZB,50.18,8.63,11.33,22.54,23.17
2010-07-31,UZB,9.42,9.8,18.81,22.54,15.14
2010-08-31,UZB,9.12,9.8,18.81,22.54,15.07
2010-09-30,UZB,9.41,9.8,18.81,22.54,15.14
2010-10-31,UZB,9.51,9.8,18.81,22.54,15.16
2010-11-30,UZB,9.8,9.8,18.81,22.54,15.24
2010-12-31,UZB,9.95,9.8,18.81,22.54,15.28
2011-01-31,UZB,9.62,9.8,18.81,21.42,14.91
2011-02-28,UZB,9.7,9.8,18.81,21.42,14.93
2011-03-31,UZB,9.57,9.8,18.81,21.42,14.9
2011-04-30,UZB,9.54,9.8,18.81,21.42,14.89
2011-05-31,UZB,9.39,9.8,18.81,21.42,14.85
2011-06-30,UZB,9.22,9.8,18.81,21.42,14.81
2011-07-31,UZB,9.31,10.61,20.93,21.42,15.57
2011-08-31,UZB,9.43,10.61,20.93,21.42,15.6
2011-09-30,UZB,9.45,10.61,20.93,21.42,15.6
2011-10-31,UZB,9.74,10.61,20.93,21.42,15.67
2011-11-30,UZB,10.24,10.61,20.93,21.42,15.8
2011-12-31,UZB,10.28,10.61,20.93,21.42,15.81
2012-01-31,UZB,10.2,10.61,20.93,20.26,15.5
2012-02-29,UZB,10.31,10.61,20.93,20.26,15.53
2012-03-31,UZB,10.36,10.61,20.93,20.26,15.54
2012-04-30,UZB,10.24,10.61,20.93,20.26,15.51
2012-05-31,UZB,10.64,10.61,20.93,20.26,15.61
2012-06-30,UZB,10.23,10.61,20.93,20.26,15.51
2012-07-31,UZB,10.6,12.91,28.53,20.26,18.07
2012-08-31,UZB,11.09,12.91,28.53,20.26,18.2
2012-09-30,UZB,11.34,12.91,28.53,20.26,18.26
2012-10-31,UZB,10.86,12.91,28.53,20.26,18.14
2012-11-30,UZB,10.74,12.91,28.53,20.26,18.11
2012-12-31,UZB,10.7,12.91,28.53,20.26,18.1
2013-01-31,UZB,10.88,12.91,28.53,20.2,18.13
2013-02-28,UZB,10.05,12.91,28.53,20.2,17.92
2013-03-31,UZB,11.14,12.91,28.53,20.2,18.19
2013-04-30,UZB,10.84,12.91,28.53,20.2,18.12
2013-05-31,UZB,10.52,12.91,28.53,20.2,18.04
2013-06-30,UZB,11.5,12.91,28.53,20.2,18.28
2013-07-31,UZB,12.54,13.06,30.73,20.2,19.13
2013-08-31,UZB,11.34,13.06,30.73,20.2,18.83
2013-09-30,UZB,11.05,13.06,30.73,20.2,18.76
2013-10-31,UZB,11.3,13.06,30.73,20.2,18.82
2013-11-30,UZB,11.51,13.06,30.73,20.2,18.87
2013-12-31,UZB,12.35,13.06,30.73,20.2,19.08
2014-01-31,UZB,11.31,13.06,30.73,20.01,18.78
2014-02-28,UZB,12.27,13.06,30.73,20.01,19.02
2014-03-31,UZB,11.19,13.06,30.73,20.01,18.75
2014-04-30,UZB,11.13,13.06,30.73,20.01,18.73
2014-05-31,UZB,11.59,13.06,30.73,20.01,18.85
2014-06-30,UZB,10.77,13.06,30.73,20.01,18.64
2014-07-31,UZB,9.77,12.09,26.61,20.01,17.12
2014-08-31,UZB,10.31,12.09,26.61,20.01,17.25
2014-09-30,UZB,9.58,12.09,26.61,20.01,17.07
2014-10-31,UZB,10.86,12.09,26.61,20.01,17.39
2014-11-30,UZB,10.55,12.09,26.61,20.01,17.31
2014-12-31,UZB,9.81,12.09,26.61,20.01,17.13
2015-01-31,UZB,10.56,12.09,26.61,20.06,17.33
2015-02-28,UZB,10.32,12.09,26.61,20.06,17.27
2015-03-31,UZB,10.12,12.09,26.61,20.06,17.22
2015-04-30,UZB,10.14,12.09,26.61,20.06,17.22
2015-05-31,UZB,10.57,12.09,26.61,20.06,17.33
2015-06-30,UZB,11.1,12.09,26.61,20.06,17.46
2015-07-31,UZB,10.65,12.59,21.67,20.06,16.24
2015-08-31,UZB,10.94,12.59,21.67,20.06,16.32
2015-09-30,UZB,11.81,12.59,21.67,20.06,16.53
2015-10-31,UZB,11.57,12.59,21.67,20.06,16.47
2015-11-30,UZB,12.3,12.59,21.67,20.06,16.66
2015-12-31,UZB,12.5,12.59,21.67,20.06,16.71
2016-01-31,UZB,13.62,12.59,21.67,20.18,17.02
2016-02-29,UZB,13.97,12.59,21.67,20.18,17.1
2016-03-31,UZB,12.89,12.59,21.67,20.18,16.83
2016-04-30,UZB,14.48,12.59,21.67,20.18,17.23
2016-05-31,UZB,13.36,12.59,21.67,20.18,16.95
2016-06-30,UZB,15.22,12.59,21.67,20.18,17.42
2016-07-31,UZB,15.23,13.2,19.24,20.18,16.96
2016-08-31,UZB,15.16,13.2,19.24,20.18,16.95
2016-09-30,UZB,13.66,13.2,19.24,20.18,16.57
2016-10-31,UZB,13.39,13.2,19.24,20.18,16.5
2016-11-30,UZB,13.06,13.2,19.24,20.18,16.42
2016-12-31,UZB,14.05,13.2,19.24,20.18,16.67
2017-01-31,UZB,13.06,13.2,19.24,19.01,16.13
2017-02-28,UZB,15.53,13.2,19.24,19.01,16.75
2017-03-31,UZB,20.14,13.2,19.24,19.01,17.9
2017-04-30,UZB,19.69,13.2,19.24,19.01,17.79
2017-05-31,UZB,22.04,13.2,19.24,19.01,18.37
2017-06-30,UZB,22.22,13.2,19.24,19.01,18.42
2017-07-31,UZB,23.53,14.43,20.55,19.01,19.38
2017-08-31,UZB,25.67,14.43,20.55,19.01,19.91
2017-09-30,UZB,55.11,14.43,20.55,19.01,27.27
2017-10-31,UZB,55.11,14.43,20.55,19.01,27.27
2017-11-30,UZB,55.11,14.43,20.55,19.01,27.27
2017-12-31,UZB,50.22,14.43,20.55,19.01,26.05
2018-01-31,UZB,50.2,14.43,20.55,17.39,25.64
2018-02-28,UZB,50.16,14.43,20.55,17.39,25.63
2018-03-31,UZB,50.11,14.43,20.55,17.39,25.62
2018-04-30,UZB,50.07,14.43,20.55,17.39,25.61
2018-05-31,UZB,50.07,14.43,20.55,17.39,25.61
2018-06-30,UZB,50.09,14.43,20.55,17.39,25.62
2018-07-31,UZB,50.1,14.72,26.49,17.39,27.18
2018-08-31,UZB,48.26,14.72,26.49,17.39,26.72
2018-09-30,UZB,5.39,14.72,26.49,17.39,16.0
2018-10-31,UZB,6.61,14.72,26.49,17.39,16.3
2018-11-30,UZB,6.79,14.72,26.49,17.39,16.35
2018-12-31,UZB,7.02,14.72,26.49,17.39,16.41
2019-01-31,UZB,6.7,14.72,26.49,16.99,16.23
2019-02-28,UZB,6.84,14.72,26.49,16.99,16.26
2019-03-31,UZB,6.88,14.72,26.49,16.99,16.27
2019-04-30,UZB,57.43,14.72,26.49,16.99,28.91
2019-05-31,UZB,58.37,14.72,26.49,16.99,29.14
2019-06-30,UZB,59.6,14.72,26.49,16.99,29.45
2019-07-31,UZB,10.37,16.98,40.11,16.99,21.11
2019-08-31,UZB,15.33,16.98,40.11,16.99,22.35
2019-09-30,UZB,13.83,16.98,40.11,16.99,21.98
2019-10-31,UZB,13.04,16.98,40.11,16.99,21.78
2019-11-30,UZB,12.65,16.98,40.11,16.99,21.68
2019-12-31,UZB,12.27,16.98,40.11,16.99,21.59
2020-01-31,UZB,12.34,16.98,40.11,16.48,21.48
2020-02-29,UZB,11.9,16.98,40.11,16.48,21.37
2020-03-31,UZB,11.58,16.98,40.11,16.48,21.29
2020-04-30,UZB,15.55,16.98,40.11,16.48,22.28
2020-05-31,UZB,15.26,16.98,40.11,16.48,22.21
2020-06-30,UZB,15.08,16.98,40.11,16.48,22.16
2020-07-31,UZB,14.94,18.45,37.06,16.48,21.73
2020-08-31,UZB,10.43,18.45,37.06,16.48,20.61
2020-09-30,UZB,10.13,18.45,37.06,16.48,20.53
2020-10-31,UZB,10.48,18.45,37.06,16.48,20.62
2020-11-30,UZB,9.98,18.45,37.06,16.48,20.49
2020-12-31,UZB,10.4,18.45,37.06,16.48,20.6
2021-01-31,UZB,10.39,18.45,37.06,16.46,20.59
2021-02-28,UZB,10.88,18.45,37.06,16.46,20.71
2021-03-31,UZB,11.11,18.45,37.06,16.46,20.77
2021-04-30,UZB,7.4,18.45,37.06,16.46,19.84
2021-05-31,UZB,7.63,18.45,37.06,16.46,19.9
2021-06-30,UZB,7.43,18.45,37.06,16.46,19.85
2021-07-31,UZB,7.56,22.41,34.72,16.46,20.29
2021-08-31,UZB,7.23,22.41,34.72,16.46,20.21
2021-09-30,UZB,7.24,22.41,34.72,16.46,20.21
2021-10-31,UZB,6.82,22.41,34.72,16.46,20.1
2021-11-30,UZB,7.46,22.41,34.72,16.46,20.26
2021-12-31,UZB,7.21,22.41,34.72,16.46,20.2
2022-01-31,UZB,7.01,22.41,34.72,15.68,19.95
2022-02-28,UZB,6.98,22.41,34.72,15.68,19.95
2022-03-31,UZB,10.17,22.41,34.72,15.68,20.74
2022-04-30,UZB,8.94,22.41,34.72,15.68,20.44
2022-05-31,UZB,7.83,22.41,34.72,15.68,20.16
2022-06-30,UZB,6.55,22.41,34.72,15.68,19.84
2022-07-31,UZB,6.92,23.75,30.49,15.68,19.21
2022-08-31,UZB,6.83,23.75,30.49,15.68,19.19
2022-09-30,UZB,7.28,23.75,30.49,15.68,19.3
2022-10-31,UZB,8.02,23.75,30.49,15.68,19.49
2022-11-30,UZB,7.74,23.75,30.49,15.68,19.41
2022-12-31,UZB,7.49,23.75,30.49,15.68,19.35
2023-01-31,UZB,7.94,23.75,30.49,16.12,19.58
2023-02-28,UZB,7.76,23.75,30.49,16.12,19.53
2023-03-31,UZB,5.55,23.75,30.49,16.12,18.98
2023-04-30,UZB,6.65,23.75,30.49,16.12,19.25
2023-05-31,UZB,7.36,23.75,30.49,16.12,19.43
2023-06-30,UZB,8.93,23.75,30.49,16.12,19.83
2023-07-31,UZB,8.76,21.55,36.35,16.12,20.7
2023-08-31,UZB,10.91,21.55,36.35,16.12,21.24
2023-09-30,UZB,10.94,21.55,36.35,16.12,21.24
2023-10-31,UZB,40.07,21.55,36.35,16.12,28.52
2023-11-30,UZB,36.17,21.55,36.35,16.12,27.55
2023-12-31,UZB,32.81,21.55,36.35,16.12,26.71
2024-01-31,UZB,25.38,21.55,36.35,16.87,25.04
2024-02-29,UZB,22.51,21.55,36.35,16.87,24.32
2024-03-31,UZB,17.7,21.55,36.35,16.87,23.12
2024-04-30,UZB,18.61,21.55,36.35,16.87,23.35
2024-05-31,UZB,18.24,21.55,36.35,16.87,23.25
2024-06-30,UZB,25.39,21.55,36.35,16.87,25.04
2024-07-31,UZB,27.93,24.29,39.98,16.87,27.27
2024-08-31,UZB,29.24,24.29,39.98,16.87,27.6
2024-09-30,UZB,28.28,24.29,39.98,16.87,27.36
2024-10-31,UZB,16.99,24.29,39.98,16.87,24.53
2024-11-30,UZB,21.02,24.29,39.98,16.87,25.54
2024-12-31,UZB,21.8,24.29,39.98,16.87,25.74
2025-01-31,UZB,24.89,24.29,39.98,17.8,26.74
2025-02-28,UZB,21.9,24.29,39.98,17.8,25.99
2025-03-31,UZB,26.21,24.29,39.98,17.8,27.07
2025-04-30,UZB,40.93,24.29,39.98,17.8,30.75
2025-05-31,UZB,31.39,24.29,39.98,17.8,28.37
2025-06-30,UZB,22.95,24.29,39.98,17.8,26.26
2025-07-31,UZB,5.9,26.09,36.09,17.8,21.47
2025-08-31,UZB,11.87,26.09,36.09,17.8,22.96
2025-09-30,UZB,10.58,26.09,36.09,17.8,22.64
2025-10-31,UZB,17.14,26.09,36.09,17.8,24.28
2025-11-30,UZB,21.57,26.09,36.09,17.8,25.38
2025-12-31,UZB,22.57,26.09,36.09,17.8,25.64
2026-01-31,UZB,17.74,26.09,36.09,17.99,24.48
2026-02-28,UZB,18.95,26.09,36.09,17.99,24.78
2026-03-31,UZB,30.74,26.09,36.09,17.99,27.73
2026-04-30,UZB,17.36,26.09,36.09,17.99,24.38
2026-05-31,UZB,13.19,26.09,36.09,17.99,23.34
2026-06-30,UZB,9.77,26.09,36.09,17.99,22.48
2026-07-31,UZB,19.34,26.09,33.88,17.99,24.32
2026-08-31,UZB,13.86,26.09,33.88,17.99,22.95
2026-09-30,UZB,16.48,26.09,33.88,17.99,23.61
2000-01-31,KGZ,,,,21.34,
2000-02-29,KGZ,,,,21.34,
2000-03-31,KGZ,,,,21.34,
2000-04-30,KGZ,,,,21.34,
2000-05-31,KGZ,,,,21.34,
2000-06-30,KGZ,,,,21.34,
2000-07-31,KGZ,,,,21.34,
2000-08-31,KGZ,,,,21.34,
2000-09-30,KGZ,,,,21.34,
2000-10-31,KGZ,,,,21.34,
2000-11-30,KGZ,,,,21.34,
2000-12-31,KGZ,,,,21.34,
2001-01-31,KGZ,,,,18.63,
2001-02-28,KGZ,,,,18.63,
2001-03-31,KGZ,,,,18.63,
2001-04-30,KGZ,,,,18.63,
2001-05-31,KGZ,,,,18.63,
2001-06-30,KGZ,,,,18.63,
2001-07-31,KGZ,,24.7,53.49,18.63,32.27
2001-08-31,KGZ,,24.7,53.49,18.63,32.27
2001-09-30,KGZ,,24.7,53.49,18.63,32.27
2001-10-31,KGZ,,24.7,53.49,18.63,32.27
2001-11-30,KGZ,,24.7,53.49,18.63,32.27
2001-12-31,KGZ,,24.7,53.49,18.63,32.27
2002-01-31,KGZ,,24.7,53.49,18.37,32.18
2002-02-28,KGZ,,24.7,53.49,18.37,32.18
2002-03-31,KGZ,,24.7,53.49,18.37,32.18
2002-04-30,KGZ,,24.7,53.49,18.37,32.18
2002-05-31,KGZ,,24.7,53.49,18.37,32.18
2002-06-30,KGZ,,24.7,53.49,18.37,32.18
2002-07-31,KGZ,,23.67,40.93,18.37,27.66
2002-08-31,KGZ,,23.67,40.93,18.37,27.66
2002-09-30,KGZ,,23.67,40.93,18.37,27.66
2002-10-31,KGZ,,23.67,40.93,18.37,27.66
2002-11-30,KGZ,,23.67,40.93,18.37,27.66
2002-12-31,KGZ,,23.67,40.93,18.37,27.66
2003-01-31,KGZ,,23.67,40.93,16.51,27.04
2003-02-28,KGZ,,23.67,40.93,16.51,27.04
2003-03-31,KGZ,,23.67,40.93,16.51,27.04
2003-04-30,KGZ,,23.67,40.93,16.51,27.04
2003-05-31,KGZ,,23.67,40.93,16.51,27.04
2003-06-30,KGZ,,23.67,40.93,16.51,27.04
2003-07-31,KGZ,,22.49,44.47,16.51,27.82
2003-08-31,KGZ,,22.49,44.47,16.51,27.82
2003-09-30,KGZ,,22.49,44.47,16.51,27.82
2003-10-31,KGZ,,22.49,44.47,16.51,27.82
2003-11-30,KGZ,,22.49,44.47,16.51,27.82
2003-12-31,KGZ,,22.49,44.47,16.51,27.82
2004-01-31,KGZ,,22.49,44.47,18.27,28.41
2004-02-29,KGZ,,22.49,44.47,18.27,28.41
2004-03-31,KGZ,,22.49,44.47,18.27,28.41
2004-04-30,KGZ,,22.49,44.47,18.27,28.41
2004-05-31,KGZ,,22.49,44.47,18.27,28.41
2004-06-30,KGZ,,22.49,44.47,18.27,28.41
2004-07-31,KGZ,,17.65,36.72,18.27,24.21
2004-08-31,KGZ,,17.65,36.72,18.27,24.21
2004-09-30,KGZ,,17.65,36.72,18.27,24.21
2004-10-31,KGZ,,17.65,36.72,18.27,24.21
2004-11-30,KGZ,,17.65,36.72,18.27,24.21
2004-12-31,KGZ,,17.65,36.72,18.27,24.21
2005-01-31,KGZ,,17.65,36.72,19.29,24.55
2005-02-28,KGZ,,17.65,36.72,19.29,24.55
2005-03-31,KGZ,,17.65,36.72,19.29,24.55
2005-04-30,KGZ,,17.65,36.72,19.29,24.55
2005-05-31,KGZ,,17.65,36.72,19.29,24.55
2005-06-30,KGZ,,17.65,36.72,19.29,24.55
2005-07-31,KGZ,,17.32,35.35,19.29,23.99
2005-08-31,KGZ,,17.32,35.35,19.29,23.99
2005-09-30,KGZ,,17.32,35.35,19.29,23.99
2005-10-31,KGZ,,17.32,35.35,19.29,23.99
2005-11-30,KGZ,,17.32,35.35,19.29,23.99
2005-12-31,KGZ,,17.32,35.35,19.29,23.99
2006-01-31,KGZ,,17.32,35.35,20.21,24.29
2006-02-28,KGZ,,17.32,35.35,20.21,24.29
2006-03-31,KGZ,,17.32,35.35,20.21,24.29
2006-04-30,KGZ,,17.32,35.35,20.21,24.29
2006-05-31,KGZ,,17.32,35.35,20.21,24.29
2006-06-30,KGZ,,17.32,35.35,20.21,24.29
2006-07-31,KGZ,,14.15,46.17,20.21,26.84
2006-08-31,KGZ,,14.15,46.17,20.21,26.84
2006-09-30,KGZ,,14.15,46.17,20.21,26.84
2006-10-31,KGZ,,14.15,46.17,20.21,26.84
2006-11-30,KGZ,,14.15,46.17,20.21,26.84
2006-12-31,KGZ,,14.15,46.17,20.21,26.84
2007-01-31,KGZ,,14.15,46.17,16.02,25.45
2007-02-28,KGZ,,14.15,46.17,16.02,25.45
2007-03-31,KGZ,,14.15,46.17,16.02,25.45
2007-04-30,KGZ,,14.15,46.17,16.02,25.45
2007-05-31,KGZ,,14.15,46.17,16.02,25.45
2007-06-30,KGZ,,14.15,46.17,16.02,25.45
2007-07-31,KGZ,,15.71,48.23,16.02,26.65
2007-08-31,KGZ,,15.71,48.23,16.02,26.65
2007-09-30,KGZ,,15.71,48.23,16.02,26.65
2007-10-31,KGZ,,15.71,48.23,16.02,26.65
2007-11-30,KGZ,,15.71,48.23,16.02,26.65
2007-12-31,KGZ,,15.71,48.23,16.02,26.65
2008-01-31,KGZ,,15.71,48.23,18.11,27.35
2008-02-29,KGZ,,15.71,48.23,18.11,27.35
2008-03-31,KGZ,,15.71,48.23,18.11,27.35
2008-04-30,KGZ,,15.71,48.23,18.11,27.35
2008-05-31,KGZ,,15.71,48.23,18.11,27.35
2008-06-30,KGZ,,15.71,48.23,18.11,27.35
2008-07-31,KGZ,,10.29,43.38,18.11,23.92
2008-08-31,KGZ,,10.29,43.38,18.11,23.92
2008-09-30,KGZ,,10.29,43.38,18.11,23.92
2008-10-31,KGZ,,10.29,43.38,18.11,23.92
2008-11-30,KGZ,,10.29,43.38,18.11,23.92
2008-12-31,KGZ,,10.29,43.38,18.11,23.92
2009-01-31,KGZ,,10.29,43.38,18.45,24.04
2009-02-28,KGZ,,10.29,43.38,18.45,24.04
2009-03-31,KGZ,,10.29,43.38,18.45,24.04
2009-04-30,KGZ,,10.29,43.38,18.45,24.04
2009-05-31,KGZ,,10.29,43.38,18.45,24.04
2009-06-30,KGZ,,10.29,43.38,18.45,24.04
2009-07-31,KGZ,,9.76,60.0,18.45,29.41
2009-08-31,KGZ,,9.76,60.0,18.45,29.41
2009-09-30,KGZ,,9.76,60.0,18.45,29.41
2009-10-31,KGZ,,9.76,60.0,18.45,29.41
2009-11-30,KGZ,,9.76,60.0,18.45,29.41
2009-12-31,KGZ,,9.76,60.0,18.45,29.41
2010-01-31,KGZ,,9.76,60.0,17.06,28.94
2010-02-28,KGZ,,9.76,60.0,17.06,28.94
2010-03-31,KGZ,,9.76,60.0,17.06,28.94
2010-04-30,KGZ,,9.76,60.0,17.06,28.94
2010-05-31,KGZ,,9.76,60.0,17.06,28.94
2010-06-30,KGZ,,9.76,60.0,17.06,28.94
2010-07-31,KGZ,,13.67,45.56,17.06,25.43
2010-08-31,KGZ,,13.67,45.56,17.06,25.43
2010-09-30,KGZ,,13.67,45.56,17.06,25.43
2010-10-31,KGZ,,13.67,45.56,17.06,25.43
2010-11-30,KGZ,,13.67,45.56,17.06,25.43
2010-12-31,KGZ,,13.67,45.56,17.06,25.43
2011-01-31,KGZ,,13.67,45.56,17.6,25.61
2011-02-28,KGZ,,13.67,45.56,17.6,25.61
2011-03-31,KGZ,,13.67,45.56,17.6,25.61
2011-04-30,KGZ,,13.67,45.56,17.6,25.61
2011-05-31,KGZ,,13.67,45.56,17.6,25.61
2011-06-30,KGZ,,13.67,45.56,17.6,25.61
2011-07-31,KGZ,,16.85,53.09,17.6,29.18
2011-08-31,KGZ,,16.85,53.09,17.6,29.18
2011-09-30,KGZ,,16.85,53.09,17.6,29.18
2011-10-31,KGZ,,16.85,53.09,17.6,29.18
2011-11-30,KGZ,,16.85,53.09,17.6,29.18
2011-12-31,KGZ,,16.85,53.09,17.6,29.18
2012-01-31,KGZ,,16.85,53.09,15.1,28.35
2012-02-29,KGZ,,16.85,53.09,15.1,28.35
2012-03-31,KGZ,,16.85,53.09,15.1,28.35
2012-04-30,KGZ,,16.85,53.09,15.1,28.35
2012-05-31,KGZ,,16.85,53.09,15.1,28.35
2012-06-30,KGZ,,16.85,53.09,15.1,28.35
2012-07-31,KGZ,,19.23,52.59,15.1,28.97
2012-08-31,KGZ,,19.23,52.59,15.1,28.97
2012-09-30,KGZ,,19.23,52.59,15.1,28.97
2012-10-31,KGZ,,19.23,52.59,15.1,28.97
2012-11-30,KGZ,,19.23,52.59,15.1,28.97
2012-12-31,KGZ,,19.23,52.59,15.1,28.97
2013-01-31,KGZ,,19.23,52.59,10.67,27.5
2013-02-28,KGZ,,19.23,52.59,10.67,27.5
2013-03-31,KGZ,,19.23,52.59,10.67,27.5
2013-04-30,KGZ,,19.23,52.59,10.67,27.5
2013-05-31,KGZ,,19.23,52.59,10.67,27.5
2013-06-30,KGZ,,19.23,52.59,10.67,27.5
2013-07-31,KGZ,,22.24,53.0,10.67,28.64
2013-08-31,KGZ,,22.24,53.0,10.67,28.64
2013-09-30,KGZ,,22.24,53.0,10.67,28.64
2013-10-31,KGZ,,22.24,53.0,10.67,28.64
2013-11-30,KGZ,,22.24,53.0,10.67,28.64
2013-12-31,KGZ,,22.24,53.0,10.67,28.64
2014-01-31,KGZ,,22.24,53.0,11.84,29.02
2014-02-28,KGZ,,22.24,53.0,11.84,29.02
2014-03-31,KGZ,,22.24,53.0,11.84,29.02
2014-04-30,KGZ,,22.24,53.0,11.84,29.02
2014-05-31,KGZ,,22.24,53.0,11.84,29.02
2014-06-30,KGZ,,22.24,53.0,11.84,29.02
2014-07-31,KGZ,,25.54,42.1,11.84,26.49
2014-08-31,KGZ,,25.54,42.1,11.84,26.49
2014-09-30,KGZ,,25.54,42.1,11.84,26.49
2014-10-31,KGZ,,25.54,42.1,11.84,26.49
2014-11-30,KGZ,,25.54,42.1,11.84,26.49
2014-12-31,KGZ,,25.54,42.1,11.84,26.49
2015-01-31,KGZ,,25.54,42.1,10.98,26.21
2015-02-28,KGZ,,25.54,42.1,10.98,26.21
2015-03-31,KGZ,,25.54,42.1,10.98,26.21
2015-04-30,KGZ,,25.54,42.1,10.98,26.21
2015-05-31,KGZ,,25.54,42.1,10.98,26.21
2015-06-30,KGZ,,25.54,42.1,10.98,26.21
2015-07-31,KGZ,,31.73,53.1,10.98,31.94
2015-08-31,KGZ,,31.73,53.1,10.98,31.94
2015-09-30,KGZ,,31.73,53.1,10.98,31.94
2015-10-31,KGZ,,31.73,53.1,10.98,31.94
2015-11-30,KGZ,,31.73,53.1,10.98,31.94
2015-12-31,KGZ,,31.73,53.1,10.98,31.94
2016-01-31,KGZ,,31.73,53.1,11.33,32.05
2016-02-29,KGZ,,31.73,53.1,11.33,32.05
2016-03-31,KGZ,,31.73,53.1,11.33,32.05
2016-04-30,KGZ,,31.73,53.1,11.33,32.05
2016-05-31,KGZ,,31.73,53.1,11.33,32.05
2016-06-30,KGZ,,31.73,53.1,11.33,32.05
2016-07-31,KGZ,,37.82,50.73,11.33,33.29
2016-08-31,KGZ,,37.82,50.73,11.33,33.29
2016-09-30,KGZ,,37.82,50.73,11.33,33.29
2016-10-31,KGZ,,37.82,50.73,11.33,33.29
2016-11-30,KGZ,,37.82,50.73,11.33,33.29
2016-12-31,KGZ,,37.82,50.73,11.33,33.29
2017-01-31,KGZ,,37.82,50.73,13.68,34.07
2017-02-28,KGZ,,37.82,50.73,13.68,34.07
2017-03-31,KGZ,,37.82,50.73,13.68,34.07
2017-04-30,KGZ,,37.82,50.73,13.68,34.07
2017-05-31,KGZ,,37.82,50.73,13.68,34.07
2017-06-30,KGZ,,37.82,50.73,13.68,34.07
2017-07-31,KGZ,,41.45,42.93,13.68,32.69
2017-08-31,KGZ,,41.45,42.93,13.68,32.69
2017-09-30,KGZ,,41.45,42.93,13.68,32.69
2017-10-31,KGZ,,41.45,42.93,13.68,32.69
2017-11-30,KGZ,,41.45,42.93,13.68,32.69
2017-12-31,KGZ,,41.45,42.93,13.68,32.69
2018-01-31,KGZ,,41.45,42.93,7.7,30.69
2018-02-28,KGZ,,41.45,42.93,7.7,30.69
2018-03-31,KGZ,,41.45,42.93,7.7,30.69
2018-04-30,KGZ,,41.45,42.93,7.7,30.69
2018-05-31,KGZ,,41.45,42.93,7.7,30.69
2018-06-30,KGZ,,41.45,42.93,7.7,30.69
2018-07-31,KGZ,,41.57,42.22,7.7,30.49
2018-08-31,KGZ,,41.57,42.22,7.7,30.49
2018-09-30,KGZ,,41.57,42.22,7.7,30.49
2018-10-31,KGZ,,41.57,42.22,7.7,30.49
2018-11-30,KGZ,,41.57,42.22,7.7,30.49
2018-12-31,KGZ,,41.57,42.22,7.7,30.49
2019-01-31,KGZ,,41.57,42.22,3.85,29.21
2019-02-28,KGZ,,41.57,42.22,3.85,29.21
2019-03-31,KGZ,,41.57,42.22,3.85,29.21
2019-04-30,KGZ,,41.57,42.22,3.85,29.21
2019-05-31,KGZ,,41.57,42.22,3.85,29.21
2019-06-30,KGZ,,41.57,42.22,3.85,29.21
2019-07-31,KGZ,,40.94,45.06,3.85,29.95
2019-08-31,KGZ,,40.94,45.06,3.85,29.95
2019-09-30,KGZ,,40.94,45.06,3.85,29.95
2019-10-31,KGZ,,40.94,45.06,3.85,29.95
2019-11-30,KGZ,,40.94,45.06,3.85,29.95
2019-12-31,KGZ,,40.94,45.06,3.85,29.95
2020-01-31,KGZ,,40.94,45.06,0.0,28.67
2020-02-29,KGZ,,40.94,45.06,0.0,28.67
2020-03-31,KGZ,,40.94,45.06,0.0,28.67
2020-04-30,KGZ,,40.94,45.06,0.0,28.67
2020-05-31,KGZ,,40.94,45.06,0.0,28.67
2020-06-30,KGZ,,40.94,45.06,0.0,28.67
2020-07-31,KGZ,,40.51,43.23,0.0,27.91
2020-08-31,KGZ,,40.51,43.23,0.0,27.91
2020-09-30,KGZ,,40.51,43.23,0.0,27.91
2020-10-31,KGZ,,40.51,43.23,0.0,27.91
2020-11-30,KGZ,,40.51,43.23,0.0,27.91
2020-12-31,KGZ,,40.51,43.23,0.0,27.91
2021-01-31,KGZ,,40.51,43.23,0.0,27.91
2021-02-28,KGZ,,40.51,43.23,0.0,27.91
2021-03-31,KGZ,,40.51,43.23,0.0,27.91
2021-04-30,KGZ,,40.51,43.23,0.0,27.91
2021-05-31,KGZ,,40.51,43.23,0.0,27.91
2021-06-30,KGZ,,40.51,43.23,0.0,27.91
2021-07-31,KGZ,,42.83,49.05,0.0,30.63
2021-08-31,KGZ,,42.83,49.05,0.0,30.63
2021-09-30,KGZ,,42.83,49.05,0.0,30.63
2021-10-31,KGZ,,42.83,49.05,0.0,30.63
2021-11-30,KGZ,,42.83,49.05,0.0,30.63
2021-12-31,KGZ,,42.83,49.05,0.0,30.63
2022-01-31,KGZ,,42.83,49.05,1.23,31.03
2022-02-28,KGZ,,42.83,49.05,1.23,31.03
2022-03-31,KGZ,,42.83,49.05,1.23,31.03
2022-04-30,KGZ,,42.83,49.05,1.23,31.03
2022-05-31,KGZ,,42.83,49.05,1.23,31.03
2022-06-30,KGZ,,42.83,49.05,1.23,31.03
2022-07-31,KGZ,,39.12,47.51,1.23,29.29
2022-08-31,KGZ,,39.12,47.51,1.23,29.29
2022-09-30,KGZ,,39.12,47.51,1.23,29.29
2022-10-31,KGZ,,39.12,47.51,1.23,29.29
2022-11-30,KGZ,,39.12,47.51,1.23,29.29
2022-12-31,KGZ,,39.12,47.51,1.23,29.29
2023-01-31,KGZ,,39.12,47.51,0.43,29.02
2023-02-28,KGZ,,39.12,47.51,0.43,29.02
2023-03-31,KGZ,,39.12,47.51,0.43,29.02
2023-04-30,KGZ,,39.12,47.51,0.43,29.02
2023-05-31,KGZ,,39.12,47.51,0.43,29.02
2023-06-30,KGZ,,39.12,47.51,0.43,29.02
2023-07-31,KGZ,,36.26,64.37,0.43,33.69
2023-08-31,KGZ,,36.26,64.37,0.43,33.69
2023-09-30,KGZ,,36.26,64.37,0.43,33.69
2023-10-31,KGZ,100.0,36.26,64.37,0.43,50.27
2023-11-30,KGZ,87.77,36.26,64.37,0.43,47.21
2023-12-31,KGZ,77.7,36.26,64.37,0.43,44.69
2024-01-31,KGZ,40.45,36.26,64.37,0.69,35.44
2024-02-29,KGZ,34.33,36.26,64.37,0.69,33.91
2024-03-31,KGZ,24.72,36.26,64.37,0.69,31.51
2024-04-30,KGZ,26.25,36.26,64.37,0.69,31.89
2024-05-31,KGZ,25.63,36.26,64.37,0.69,31.74
2024-06-30,KGZ,40.76,36.26,64.37,0.69,35.52
2024-07-31,KGZ,46.29,30.87,62.7,0.69,35.14
2024-08-31,KGZ,50.57,30.87,62.7,0.69,36.21
2024-09-30,KGZ,48.71,30.87,62.7,0.69,35.74
2024-10-31,KGZ,25.99,30.87,62.7,0.69,30.06
2024-11-30,KGZ,34.42,30.87,62.7,0.69,32.17
2024-12-31,KGZ,35.7,30.87,62.7,0.69,32.49
2025-01-31,KGZ,42.07,30.87,62.7,0.0,33.91
2025-02-28,KGZ,36.71,30.87,62.7,0.0,32.57
2025-03-31,KGZ,45.66,30.87,62.7,0.0,34.81
2025-04-30,KGZ,75.18,30.87,62.7,0.0,42.19
2025-05-31,KGZ,56.51,30.87,62.7,0.0,37.52
2025-06-30,KGZ,40.34,30.87,62.7,0.0,33.48
2025-07-31,KGZ,6.47,26.43,44.02,0.0,19.23
2025-08-31,KGZ,19.06,26.43,44.02,0.0,22.38
2025-09-30,KGZ,17.85,26.43,44.02,0.0,22.07
2025-10-31,KGZ,31.7,26.43,44.02,0.0,25.54
2025-11-30,KGZ,41.22,26.43,44.02,0.0,27.92
2025-12-31,KGZ,42.91,26.43,44.02,0.0,28.34
2026-01-31,KGZ,33.01,26.43,44.02,0.0,25.86
2026-02-28,KGZ,35.14,26.43,44.02,0.0,26.4
2026-03-31,KGZ,58.77,26.43,44.02,0.0,32.3
2026-04-30,KGZ,32.65,26.43,44.02,0.0,25.77
2026-05-31,KGZ,23.99,26.43,44.02,0.0,23.61
2026-06-30,KGZ,16.15,26.43,44.02,0.0,21.65
2026-07-31,KGZ,35.04,26.43,47.02,0.0,27.12
2026-08-31,KGZ,24.44,26.43,47.02,0.0,24.47
2026-09-30,KGZ,28.43,26.43,47.02,0.0,25.47
2000-01-31,TJK,,,,32.23,
2000-02-29,TJK,,,,32.23,
2000-03-31,TJK,,,,32.23,
2000-04-30,TJK,,,,32.23,
2000-05-31,TJK,,,,32.23,
2000-06-30,TJK,,,,32.23,
2000-07-31,TJK,,,,32.23,
2000-08-31,TJK,,,,32.23,
2000-09-30,TJK,,,,32.23,
2000-10-31,TJK,,,,32.23,
2000-11-30,TJK,,,,32.23,
2000-12-31,TJK,,,,32.23,
2001-01-31,TJK,,,,27.33,
2001-02-28,TJK,,,,27.33,
2001-03-31,TJK,,,,27.33,
2001-04-30,TJK,,,,27.33,
2001-05-31,TJK,,,,27.33,
2001-06-30,TJK,,,,27.33,
2001-07-31,TJK,,25.25,25.98,27.33,26.19
2001-08-31,TJK,,25.25,25.98,27.33,26.19
2001-09-30,TJK,,25.25,25.98,27.33,26.19
2001-10-31,TJK,,25.25,25.98,27.33,26.19
2001-11-30,TJK,,25.25,25.98,27.33,26.19
2001-12-31,TJK,,25.25,25.98,27.33,26.19
2002-01-31,TJK,,25.25,25.98,26.55,25.93
2002-02-28,TJK,,25.25,25.98,26.55,25.93
2002-03-31,TJK,,25.25,25.98,26.55,25.93
2002-04-30,TJK,,25.25,25.98,26.55,25.93
2002-05-31,TJK,,25.25,25.98,26.55,25.93
2002-06-30,TJK,,25.25,25.98,26.55,25.93
2002-07-31,TJK,,20.13,60.02,26.55,35.57
2002-08-31,TJK,,20.13,60.02,26.55,35.57
2002-09-30,TJK,,20.13,60.02,26.55,35.57
2002-10-31,TJK,,20.13,60.02,26.55,35.57
2002-11-30,TJK,,20.13,60.02,26.55,35.57
2002-12-31,TJK,,20.13,60.02,26.55,35.57
2003-01-31,TJK,,20.13,60.02,31.45,37.2
2003-02-28,TJK,,20.13,60.02,31.45,37.2
2003-03-31,TJK,,20.13,60.02,31.45,37.2
2003-04-30,TJK,,20.13,60.02,31.45,37.2
2003-05-31,TJK,,20.13,60.02,31.45,37.2
2003-06-30,TJK,,20.13,60.02,31.45,37.2
2003-07-31,TJK,,16.84,44.48,31.45,30.93
2003-08-31,TJK,,16.84,44.48,31.45,30.93
2003-09-30,TJK,,16.84,44.48,31.45,30.93
2003-10-31,TJK,,16.84,44.48,31.45,30.93
2003-11-30,TJK,,16.84,44.48,31.45,30.93
2003-12-31,TJK,,16.84,44.48,31.45,30.93
2004-01-31,TJK,,16.84,44.48,22.93,28.09
2004-02-29,TJK,,16.84,44.48,22.93,28.09
2004-03-31,TJK,,16.84,44.48,22.93,28.09
2004-04-30,TJK,,16.84,44.48,22.93,28.09
2004-05-31,TJK,,16.84,44.48,22.93,28.09
2004-06-30,TJK,,16.84,44.48,22.93,28.09
2004-07-31,TJK,,13.68,46.86,22.93,27.82
2004-08-31,TJK,,13.68,46.86,22.93,27.82
2004-09-30,TJK,,13.68,46.86,22.93,27.82
2004-10-31,TJK,,13.68,46.86,22.93,27.82
2004-11-30,TJK,,13.68,46.86,22.93,27.82
2004-12-31,TJK,,13.68,46.86,22.93,27.82
2005-01-31,TJK,,13.68,46.86,24.31,28.28
2005-02-28,TJK,,13.68,46.86,24.31,28.28
2005-03-31,TJK,,13.68,46.86,24.31,28.28
2005-04-30,TJK,,13.68,46.86,24.31,28.28
2005-05-31,TJK,,13.68,46.86,24.31,28.28
2005-06-30,TJK,,13.68,46.86,24.31,28.28
2005-07-31,TJK,,10.77,41.47,24.31,25.52
2005-08-31,TJK,,10.77,41.47,24.31,25.52
2005-09-30,TJK,,10.77,41.47,24.31,25.52
2005-10-31,TJK,,10.77,41.47,24.31,25.52
2005-11-30,TJK,,10.77,41.47,24.31,25.52
2005-12-31,TJK,,10.77,41.47,24.31,25.52
2006-01-31,TJK,,10.77,41.47,24.32,25.52
2006-02-28,TJK,,10.77,41.47,24.32,25.52
2006-03-31,TJK,,10.77,41.47,24.32,25.52
2006-04-30,TJK,,10.77,41.47,24.32,25.52
2006-05-31,TJK,,10.77,41.47,24.32,25.52
2006-06-30,TJK,,10.77,41.47,24.32,25.52
2006-07-31,TJK,,9.33,50.08,24.32,27.91
2006-08-31,TJK,,9.33,50.08,24.32,27.91
2006-09-30,TJK,,9.33,50.08,24.32,27.91
2006-10-31,TJK,,9.33,50.08,24.32,27.91
2006-11-30,TJK,,9.33,50.08,24.32,27.91
2006-12-31,TJK,,9.33,50.08,24.32,27.91
2007-01-31,TJK,,9.33,50.08,25.76,28.39
2007-02-28,TJK,,9.33,50.08,25.76,28.39
2007-03-31,TJK,,9.33,50.08,25.76,28.39
2007-04-30,TJK,,9.33,50.08,25.76,28.39
2007-05-31,TJK,,9.33,50.08,25.76,28.39
2007-06-30,TJK,,9.33,50.08,25.76,28.39
2007-07-31,TJK,,10.6,52.52,25.76,29.63
2007-08-31,TJK,,10.6,52.52,25.76,29.63
2007-09-30,TJK,,10.6,52.52,25.76,29.63
2007-10-31,TJK,,10.6,52.52,25.76,29.63
2007-11-30,TJK,,10.6,52.52,25.76,29.63
2007-12-31,TJK,,10.6,52.52,25.76,29.63
2008-01-31,TJK,,10.6,52.52,24.15,29.09
2008-02-29,TJK,,10.6,52.52,24.15,29.09
2008-03-31,TJK,,10.6,52.52,24.15,29.09
2008-04-30,TJK,,10.6,52.52,24.15,29.09
2008-05-31,TJK,,10.6,52.52,24.15,29.09
2008-06-30,TJK,,10.6,52.52,24.15,29.09
2008-07-31,TJK,,23.38,63.19,24.15,36.91
2008-08-31,TJK,,23.38,63.19,24.15,36.91
2008-09-30,TJK,,23.38,63.19,24.15,36.91
2008-10-31,TJK,,23.38,63.19,24.15,36.91
2008-11-30,TJK,,23.38,63.19,24.15,36.91
2008-12-31,TJK,,23.38,63.19,24.15,36.91
2009-01-31,TJK,,23.38,63.19,23.29,36.62
2009-02-28,TJK,,23.38,63.19,23.29,36.62
2009-03-31,TJK,,23.38,63.19,23.29,36.62
2009-04-30,TJK,,23.38,63.19,23.29,36.62
2009-05-31,TJK,,23.38,63.19,23.29,36.62
2009-06-30,TJK,,23.38,63.19,23.29,36.62
2009-07-31,TJK,,28.91,63.3,23.29,38.5
2009-08-31,TJK,,28.91,63.3,23.29,38.5
2009-09-30,TJK,,28.91,63.3,23.29,38.5
2009-10-31,TJK,,28.91,63.3,23.29,38.5
2009-11-30,TJK,,28.91,63.3,23.29,38.5
2009-12-31,TJK,,28.91,63.3,23.29,38.5
2010-01-31,TJK,,28.91,63.3,22.11,38.11
2010-02-28,TJK,,28.91,63.3,22.11,38.11
2010-03-31,TJK,,28.91,63.3,22.11,38.11
2010-04-30,TJK,,28.91,63.3,22.11,38.11
2010-05-31,TJK,,28.91,63.3,22.11,38.11
2010-06-30,TJK,,28.91,63.3,22.11,38.11
2010-07-31,TJK,,34.58,54.39,22.11,37.03
2010-08-31,TJK,,34.58,54.39,22.11,37.03
2010-09-30,TJK,,34.58,54.39,22.11,37.03
2010-10-31,TJK,,34.58,54.39,22.11,37.03
2010-11-30,TJK,,34.58,54.39,22.11,37.03
2010-12-31,TJK,,34.58,54.39,22.11,37.03
2011-01-31,TJK,,34.58,54.39,21.75,36.91
2011-02-28,TJK,,34.58,54.39,21.75,36.91
2011-03-31,TJK,,34.58,54.39,21.75,36.91
2011-04-30,TJK,,34.58,54.39,21.75,36.91
2011-05-31,TJK,,34.58,54.39,21.75,36.91
2011-06-30,TJK,,34.58,54.39,21.75,36.91
2011-07-31,TJK,,30.79,48.89,21.75,33.81
2011-08-31,TJK,,30.79,48.89,21.75,33.81
2011-09-30,TJK,,30.79,48.89,21.75,33.81
2011-10-31,TJK,,30.79,48.89,21.75,33.81
2011-11-30,TJK,,30.79,48.89,21.75,33.81
2011-12-31,TJK,,30.79,48.89,21.75,33.81
2012-01-31,TJK,,30.79,48.89,20.99,33.56
2012-02-29,TJK,,30.79,48.89,20.99,33.56
2012-03-31,TJK,,30.79,48.89,20.99,33.56
2012-04-30,TJK,,30.79,48.89,20.99,33.56
2012-05-31,TJK,,30.79,48.89,20.99,33.56
2012-06-30,TJK,,30.79,48.89,20.99,33.56
2012-07-31,TJK,,31.58,50.45,20.99,34.34
2012-08-31,TJK,,31.58,50.45,20.99,34.34
2012-09-30,TJK,,31.58,50.45,20.99,34.34
2012-10-31,TJK,,31.58,50.45,20.99,34.34
2012-11-30,TJK,,31.58,50.45,20.99,34.34
2012-12-31,TJK,,31.58,50.45,20.99,34.34
2013-01-31,TJK,,31.58,50.45,24.66,35.57
2013-02-28,TJK,,31.58,50.45,24.66,35.57
2013-03-31,TJK,,31.58,50.45,24.66,35.57
2013-04-30,TJK,,31.58,50.45,24.66,35.57
2013-05-31,TJK,,31.58,50.45,24.66,35.57
2013-06-30,TJK,,31.58,50.45,24.66,35.57
2013-07-31,TJK,,28.76,46.49,24.66,33.3
2013-08-31,TJK,,28.76,46.49,24.66,33.3
2013-09-30,TJK,,28.76,46.49,24.66,33.3
2013-10-31,TJK,,28.76,46.49,24.66,33.3
2013-11-30,TJK,,28.76,46.49,24.66,33.3
2013-12-31,TJK,,28.76,46.49,24.66,33.3
2014-01-31,TJK,,28.76,46.49,22.45,32.57
2014-02-28,TJK,,28.76,46.49,22.45,32.57
2014-03-31,TJK,,28.76,46.49,22.45,32.57
2014-04-30,TJK,,28.76,46.49,22.45,32.57
2014-05-31,TJK,,28.76,46.49,22.45,32.57
2014-06-30,TJK,,28.76,46.49,22.45,32.57
2014-07-31,TJK,,28.06,46.75,22.45,32.42
2014-08-31,TJK,,28.06,46.75,22.45,32.42
2014-09-30,TJK,,28.06,46.75,22.45,32.42
2014-10-31,TJK,,28.06,46.75,22.45,32.42
2014-11-30,TJK,,28.06,46.75,22.45,32.42
2014-12-31,TJK,,28.06,46.75,22.45,32.42
2015-01-31,TJK,,28.06,46.75,21.16,31.99
2015-02-28,TJK,,28.06,46.75,21.16,31.99
2015-03-31,TJK,,28.06,46.75,21.16,31.99
2015-04-30,TJK,,28.06,46.75,21.16,31.99
2015-05-31,TJK,,28.06,46.75,21.16,31.99
2015-06-30,TJK,,28.06,46.75,21.16,31.99
2015-07-31,TJK,,27.97,45.21,21.16,31.45
2015-08-31,TJK,,27.97,45.21,21.16,31.45
2015-09-30,TJK,,27.97,45.21,21.16,31.45
2015-10-31,TJK,,27.97,45.21,21.16,31.45
2015-11-30,TJK,,27.97,45.21,21.16,31.45
2015-12-31,TJK,,27.97,45.21,21.16,31.45
2016-01-31,TJK,,27.97,45.21,19.31,30.83
2016-02-29,TJK,,27.97,45.21,19.31,30.83
2016-03-31,TJK,,27.97,45.21,19.31,30.83
2016-04-30,TJK,,27.97,45.21,19.31,30.83
2016-05-31,TJK,,27.97,45.21,19.31,30.83
2016-06-30,TJK,,27.97,45.21,19.31,30.83
2016-07-31,TJK,,32.83,46.42,19.31,32.85
2016-08-31,TJK,,32.83,46.42,19.31,32.85
2016-09-30,TJK,,32.83,46.42,19.31,32.85
2016-10-31,TJK,,32.83,46.42,19.31,32.85
2016-11-30,TJK,,32.83,46.42,19.31,32.85
2016-12-31,TJK,,32.83,46.42,19.31,32.85
2017-01-31,TJK,,32.83,46.42,19.66,32.97
2017-02-28,TJK,,32.83,46.42,19.66,32.97
2017-03-31,TJK,,32.83,46.42,19.66,32.97
2017-04-30,TJK,,32.83,46.42,19.66,32.97
2017-05-31,TJK,,32.83,46.42,19.66,32.97
2017-06-30,TJK,,32.83,46.42,19.66,32.97
2017-07-31,TJK,,38.25,44.29,19.66,34.07
2017-08-31,TJK,,38.25,44.29,19.66,34.07
2017-09-30,TJK,,38.25,44.29,19.66,34.07
2017-10-31,TJK,,38.25,44.29,19.66,34.07
2017-11-30,TJK,,38.25,44.29,19.66,34.07
2017-12-31,TJK,,38.25,44.29,19.66,34.07
2018-01-31,TJK,,38.25,44.29,17.51,33.35
2018-02-28,TJK,,38.25,44.29,17.51,33.35
2018-03-31,TJK,,38.25,44.29,17.51,33.35
2018-04-30,TJK,,38.25,44.29,17.51,33.35
2018-05-31,TJK,,38.25,44.29,17.51,33.35
2018-06-30,TJK,,38.25,44.29,17.51,33.35
2018-07-31,TJK,,35.44,37.08,17.51,30.01
2018-08-31,TJK,,35.44,37.08,17.51,30.01
2018-09-30,TJK,,35.44,37.08,17.51,30.01
2018-10-31,TJK,,35.44,37.08,17.51,30.01
2018-11-30,TJK,,35.44,37.08,17.51,30.01
2018-12-31,TJK,,35.44,37.08,17.51,30.01
2019-01-31,TJK,,35.44,37.08,8.96,27.16
2019-02-28,TJK,,35.44,37.08,8.96,27.16
2019-03-31,TJK,,35.44,37.08,8.96,27.16
2019-04-30,TJK,,35.44,37.08,8.96,27.16
2019-05-31,TJK,,35.44,37.08,8.96,27.16
2019-06-30,TJK,,35.44,37.08,8.96,27.16
2019-07-31,TJK,,36.28,40.61,8.96,28.61
2019-08-31,TJK,,36.28,40.61,8.96,28.61
2019-09-30,TJK,,36.28,40.61,8.96,28.61
2019-10-31,TJK,,36.28,40.61,8.96,28.61
2019-11-30,TJK,,36.28,40.61,8.96,28.61
2019-12-31,TJK,,36.28,40.61,8.96,28.61
2020-01-31,TJK,,36.28,40.61,2.94,26.61
2020-02-29,TJK,,36.28,40.61,2.94,26.61
2020-03-31,TJK,,36.28,40.61,2.94,26.61
2020-04-30,TJK,,36.28,40.61,2.94,26.61
2020-05-31,TJK,,36.28,40.61,2.94,26.61
2020-06-30,TJK,,36.28,40.61,2.94,26.61
2020-07-31,TJK,,33.39,39.07,2.94,25.13
2020-08-31,TJK,,33.39,39.07,2.94,25.13
2020-09-30,TJK,,33.39,39.07,2.94,25.13
2020-10-31,TJK,,33.39,39.07,2.94,25.13
2020-11-30,TJK,,33.39,39.07,2.94,25.13
2020-12-31,TJK,,33.39,39.07,2.94,25.13
2021-01-31,TJK,,33.39,39.07,2.06,24.84
2021-02-28,TJK,,33.39,39.07,2.06,24.84
2021-03-31,TJK,,33.39,39.07,2.06,24.84
2021-04-30,TJK,,33.39,39.07,2.06,24.84
2021-05-31,TJK,,33.39,39.07,2.06,24.84
2021-06-30,TJK,,33.39,39.07,2.06,24.84
2021-07-31,TJK,,32.02,34.71,2.06,22.93
2021-08-31,TJK,,32.02,34.71,2.06,22.93
2021-09-30,TJK,,32.02,34.71,2.06,22.93
2021-10-31,TJK,,32.02,34.71,2.06,22.93
2021-11-30,TJK,,32.02,34.71,2.06,22.93
2021-12-31,TJK,,32.02,34.71,2.06,22.93
2022-01-31,TJK,,32.02,34.71,5.39,24.04
2022-02-28,TJK,,32.02,34.71,5.39,24.04
2022-03-31,TJK,,32.02,34.71,5.39,24.04
2022-04-30,TJK,,32.02,34.71,5.39,24.04
2022-05-31,TJK,,32.02,34.71,5.39,24.04
2022-06-30,TJK,,32.02,34.71,5.39,24.04
2022-07-31,TJK,,30.34,29.11,5.39,21.61
2022-08-31,TJK,,30.34,29.11,5.39,21.61
2022-09-30,TJK,,30.34,29.11,5.39,21.61
2022-10-31,TJK,,30.34,29.11,5.39,21.61
2022-11-30,TJK,,30.34,29.11,5.39,21.61
2022-12-31,TJK,,30.34,29.11,5.39,21.61
2023-01-31,TJK,,30.34,29.11,6.47,21.98
2023-02-28,TJK,,30.34,29.11,6.47,21.98
2023-03-31,TJK,,30.34,29.11,6.47,21.98
2023-04-30,TJK,,30.34,29.11,6.47,21.98
2023-05-31,TJK,,30.34,29.11,6.47,21.98
2023-06-30,TJK,,30.34,29.11,6.47,21.98
2023-07-31,TJK,,25.65,27.29,6.47,19.8
2023-08-31,TJK,,25.65,27.29,6.47,19.8
2023-09-30,TJK,,25.65,27.29,6.47,19.8
2023-10-31,TJK,100.0,25.65,27.29,6.47,39.85
2023-11-30,TJK,87.77,25.65,27.29,6.47,36.8
2023-12-31,TJK,77.7,25.65,27.29,6.47,34.28
2024-01-31,TJK,40.45,25.65,27.29,5.48,24.72
2024-02-29,TJK,34.33,25.65,27.29,5.48,23.19
2024-03-31,TJK,24.72,25.65,27.29,5.48,20.79
2024-04-30,TJK,26.25,25.65,27.29,5.48,21.17
2024-05-31,TJK,25.63,25.65,27.29,5.48,21.01
2024-06-30,TJK,40.76,25.65,27.29,5.48,24.8
2024-07-31,TJK,46.29,24.07,32.41,5.48,27.06
2024-08-31,TJK,50.57,24.07,32.41,5.48,28.13
2024-09-30,TJK,48.71,24.07,32.41,5.48,27.67
2024-10-31,TJK,25.99,24.07,32.41,5.48,21.99
2024-11-30,TJK,34.42,24.07,32.41,5.48,24.1
2024-12-31,TJK,35.7,24.07,32.41,5.48,24.42
2025-01-31,TJK,42.07,24.07,32.41,7.51,26.52
2025-02-28,TJK,36.71,24.07,32.41,7.51,25.18
2025-03-31,TJK,45.66,24.07,32.41,7.51,27.42
2025-04-30,TJK,75.18,24.07,32.41,7.51,34.79
2025-05-31,TJK,56.51,24.07,32.41,7.51,30.13
2025-06-30,TJK,40.34,24.07,32.41,7.51,26.08
2025-07-31,TJK,6.47,20.42,32.17,7.51,16.64
2025-08-31,TJK,19.06,20.42,32.17,7.51,19.79
2025-09-30,TJK,17.85,20.42,32.17,7.51,19.48
2025-10-31,TJK,31.7,20.42,32.17,7.51,22.95
2025-11-30,TJK,41.22,20.42,32.17,7.51,25.33
2025-12-31,TJK,42.91,20.42,32.17,7.51,25.75
2026-01-31,TJK,33.01,20.42,32.17,7.48,23.27
2026-02-28,TJK,35.14,20.42,32.17,7.48,23.8
2026-03-31,TJK,58.77,20.42,32.17,7.48,29.71
2026-04-30,TJK,32.65,20.42,32.17,7.48,23.18
2026-05-31,TJK,23.99,20.42,32.17,7.48,21.01
2026-06-30,TJK,16.15,20.42,32.17,7.48,19.05
2026-07-31,TJK,35.04,20.42,30.4,7.48,23.33
2026-08-31,TJK,24.44,20.42,30.4,7.48,20.68
2026-09-30,TJK,28.43,20.42,30.4,7.48,21.68
2000-01-31,MNG,,,,51.07,
2000-02-29,MNG,,,,51.07,
2000-03-31,MNG,,,,51.07,
2000-04-30,MNG,,,,51.07,
2000-05-31,MNG,,,,51.07,
2000-06-30,MNG,,,,51.07,
2000-07-31,MNG,,,,51.07,
2000-08-31,MNG,,,,51.07,
2000-09-30,MNG,,,,51.07,
2000-10-31,MNG,,,,51.07,
2000-11-30,MNG,,,,51.07,
2000-12-31,MNG,,,,51.07,
2001-01-31,MNG,,,,49.72,
2001-02-28,MNG,,,,49.72,
2001-03-31,MNG,,,,49.72,
2001-04-30,MNG,,,,49.72,
2001-05-31,MNG,,,,49.72,
2001-06-30,MNG,,,,49.72,
2001-07-31,MNG,,15.91,54.92,49.72,40.18
2001-08-31,MNG,,15.91,54.92,49.72,40.18
2001-09-30,MNG,,15.91,54.92,49.72,40.18
2001-10-31,MNG,,15.91,54.92,49.72,40.18
2001-11-30,MNG,,15.91,54.92,49.72,40.18
2001-12-31,MNG,,15.91,54.92,49.72,40.18
2002-01-31,MNG,,15.91,54.92,51.3,40.71
2002-02-28,MNG,,15.91,54.92,51.3,40.71
2002-03-31,MNG,,15.91,54.92,51.3,40.71
2002-04-30,MNG,,15.91,54.92,51.3,40.71
2002-05-31,MNG,,15.91,54.92,51.3,40.71
2002-06-30,MNG,,15.91,54.92,51.3,40.71
2002-07-31,MNG,,15.45,48.29,51.3,38.34
2002-08-31,MNG,,15.45,48.29,51.3,38.34
2002-09-30,MNG,,15.45,48.29,51.3,38.34
2002-10-31,MNG,,15.45,48.29,51.3,38.34
2002-11-30,MNG,,15.45,48.29,51.3,38.34
2002-12-31,MNG,,15.45,48.29,51.3,38.34
2003-01-31,MNG,,15.45,48.29,50.33,38.02
2003-02-28,MNG,,15.45,48.29,50.33,38.02
2003-03-31,MNG,,15.45,48.29,50.33,38.02
2003-04-30,MNG,,15.45,48.29,50.33,38.02
2003-05-31,MNG,,15.45,48.29,50.33,38.02
2003-06-30,MNG,,15.45,48.29,50.33,38.02
2003-07-31,MNG,,16.08,42.75,50.33,36.39
2003-08-31,MNG,,16.08,42.75,50.33,36.39
2003-09-30,MNG,,16.08,42.75,50.33,36.39
2003-10-31,MNG,,16.08,42.75,50.33,36.39
2003-11-30,MNG,,16.08,42.75,50.33,36.39
2003-12-31,MNG,,16.08,42.75,50.33,36.39
2004-01-31,MNG,,16.08,42.75,48.09,35.64
2004-02-29,MNG,,16.08,42.75,48.09,35.64
2004-03-31,MNG,,16.08,42.75,48.09,35.64
2004-04-30,MNG,,16.08,42.75,48.09,35.64
2004-05-31,MNG,,16.08,42.75,48.09,35.64
2004-06-30,MNG,,16.08,42.75,48.09,35.64
2004-07-31,MNG,,45.46,44.26,48.09,45.94
2004-08-31,MNG,,45.46,44.26,48.09,45.94
2004-09-30,MNG,,45.46,44.26,48.09,45.94
2004-10-31,MNG,,45.46,44.26,48.09,45.94
2004-11-30,MNG,,45.46,44.26,48.09,45.94
2004-12-31,MNG,,45.46,44.26,48.09,45.94
2005-01-31,MNG,,45.46,44.26,44.65,44.79
2005-02-28,MNG,,45.46,44.26,44.65,44.79
2005-03-31,MNG,,45.46,44.26,44.65,44.79
2005-04-30,MNG,,45.46,44.26,44.65,44.79
2005-05-31,MNG,,45.46,44.26,44.65,44.79
2005-06-30,MNG,,45.46,44.26,44.65,44.79
2005-07-31,MNG,,11.73,38.67,44.65,31.68
2005-08-31,MNG,,11.73,38.67,44.65,31.68
2005-09-30,MNG,,11.73,38.67,44.65,31.68
2005-10-31,MNG,,11.73,38.67,44.65,31.68
2005-11-30,MNG,,11.73,38.67,44.65,31.68
2005-12-31,MNG,,11.73,38.67,44.65,31.68
2006-01-31,MNG,,11.73,38.67,43.61,31.33
2006-02-28,MNG,,11.73,38.67,43.61,31.33
2006-03-31,MNG,,11.73,38.67,43.61,31.33
2006-04-30,MNG,,11.73,38.67,43.61,31.33
2006-05-31,MNG,,11.73,38.67,43.61,31.33
2006-06-30,MNG,,11.73,38.67,43.61,31.33
2006-07-31,MNG,,8.66,44.95,43.61,32.41
2006-08-31,MNG,,8.66,44.95,43.61,32.41
2006-09-30,MNG,,8.66,44.95,43.61,32.41
2006-10-31,MNG,,8.66,44.95,43.61,32.41
2006-11-30,MNG,,8.66,44.95,43.61,32.41
2006-12-31,MNG,,8.66,44.95,43.61,32.41
2007-01-31,MNG,,8.66,44.95,36.63,30.08
2007-02-28,MNG,,8.66,44.95,36.63,30.08
2007-03-31,MNG,,8.66,44.95,36.63,30.08
2007-04-30,MNG,,8.66,44.95,36.63,30.08
2007-05-31,MNG,,8.66,44.95,36.63,30.08
2007-06-30,MNG,,8.66,44.95,36.63,30.08
2007-07-31,MNG,,6.82,31.16,36.63,24.87
2007-08-31,MNG,,6.82,31.16,36.63,24.87
2007-09-30,MNG,,6.82,31.16,36.63,24.87
2007-10-31,MNG,,6.82,31.16,36.63,24.87
2007-11-30,MNG,,6.82,31.16,36.63,24.87
2007-12-31,MNG,,6.82,31.16,36.63,24.87
2008-01-31,MNG,,6.82,31.16,37.03,25.0
2008-02-29,MNG,,6.82,31.16,37.03,25.0
2008-03-31,MNG,,6.82,31.16,37.03,25.0
2008-04-30,MNG,,6.82,31.16,37.03,25.0
2008-05-31,MNG,,6.82,31.16,37.03,25.0
2008-06-30,MNG,,6.82,31.16,37.03,25.0
2008-07-31,MNG,,6.34,35.76,37.03,26.38
2008-08-31,MNG,,6.34,35.76,37.03,26.38
2008-09-30,MNG,,6.34,35.76,37.03,26.38
2008-10-31,MNG,,6.34,35.76,37.03,26.38
2008-11-30,MNG,,6.34,35.76,37.03,26.38
2008-12-31,MNG,,6.34,35.76,37.03,26.38
2009-01-31,MNG,,6.34,35.76,35.46,25.85
2009-02-28,MNG,,6.34,35.76,35.46,25.85
2009-03-31,MNG,,6.34,35.76,35.46,25.85
2009-04-30,MNG,,6.34,35.76,35.46,25.85
2009-05-31,MNG,,6.34,35.76,35.46,25.85
2009-06-30,MNG,,6.34,35.76,35.46,25.85
2009-07-31,MNG,,6.25,62.72,35.46,34.81
2009-08-31,MNG,,6.25,62.72,35.46,34.81
2009-09-30,MNG,,6.25,62.72,35.46,34.81
2009-10-31,MNG,,6.25,62.72,35.46,34.81
2009-11-30,MNG,,6.25,62.72,35.46,34.81
2009-12-31,MNG,,6.25,62.72,35.46,34.81
2010-01-31,MNG,,6.25,62.72,35.53,34.83
2010-02-28,MNG,,6.25,62.72,35.53,34.83
2010-03-31,MNG,,6.25,62.72,35.53,34.83
2010-04-30,MNG,,6.25,62.72,35.53,34.83
2010-05-31,MNG,,6.25,62.72,35.53,34.83
2010-06-30,MNG,,6.25,62.72,35.53,34.83
2010-07-31,MNG,,11.4,51.78,35.53,32.91
2010-08-31,MNG,,11.4,51.78,35.53,32.91
2010-09-30,MNG,,11.4,51.78,35.53,32.91
2010-10-31,MNG,,11.4,51.78,35.53,32.91
2010-11-30,MNG,,11.4,51.78,35.53,32.91
2010-12-31,MNG,,11.4,51.78,35.53,32.91
2011-01-31,MNG,,11.4,51.78,34.63,32.6
2011-02-28,MNG,,11.4,51.78,34.63,32.6
2011-03-31,MNG,,11.4,51.78,34.63,32.6
2011-04-30,MNG,,11.4,51.78,34.63,32.6
2011-05-31,MNG,,11.4,51.78,34.63,32.6
2011-06-30,MNG,,11.4,51.78,34.63,32.6
2011-07-31,MNG,,14.24,46.17,34.63,31.68
2011-08-31,MNG,,14.24,46.17,34.63,31.68
2011-09-30,MNG,,14.24,46.17,34.63,31.68
2011-10-31,MNG,,14.24,46.17,34.63,31.68
2011-11-30,MNG,,14.24,46.17,34.63,31.68
2011-12-31,MNG,,14.24,46.17,34.63,31.68
2012-01-31,MNG,,14.24,46.17,33.43,31.28
2012-02-29,MNG,,14.24,46.17,33.43,31.28
2012-03-31,MNG,,14.24,46.17,33.43,31.28
2012-04-30,MNG,,14.24,46.17,33.43,31.28
2012-05-31,MNG,,14.24,46.17,33.43,31.28
2012-06-30,MNG,,14.24,46.17,33.43,31.28
2012-07-31,MNG,,13.0,54.52,33.43,33.65
2012-08-31,MNG,,13.0,54.52,33.43,33.65
2012-09-30,MNG,,13.0,54.52,33.43,33.65
2012-10-31,MNG,,13.0,54.52,33.43,33.65
2012-11-30,MNG,,13.0,54.52,33.43,33.65
2012-12-31,MNG,,13.0,54.52,33.43,33.65
2013-01-31,MNG,,13.0,54.52,33.56,33.69
2013-02-28,MNG,,13.0,54.52,33.56,33.69
2013-03-31,MNG,,13.0,54.52,33.56,33.69
2013-04-30,MNG,,13.0,54.52,33.56,33.69
2013-05-31,MNG,,13.0,54.52,33.56,33.69
2013-06-30,MNG,,13.0,54.52,33.56,33.69
2013-07-31,MNG,,21.77,58.39,33.56,37.9
2013-08-31,MNG,,21.77,58.39,33.56,37.9
2013-09-30,MNG,,21.77,58.39,33.56,37.9
2013-10-31,MNG,,21.77,58.39,33.56,37.9
2013-11-30,MNG,,21.77,58.39,33.56,37.9
2013-12-31,MNG,,21.77,58.39,33.56,37.9
2014-01-31,MNG,,21.77,58.39,30.42,36.86
2014-02-28,MNG,,21.77,58.39,30.42,36.86
2014-03-31,MNG,,21.77,58.39,30.42,36.86
2014-04-30,MNG,,21.77,58.39,30.42,36.86
2014-05-31,MNG,,21.77,58.39,30.42,36.86
2014-06-30,MNG,,21.77,58.39,30.42,36.86
2014-07-31,MNG,,31.54,56.61,30.42,39.53
2014-08-31,MNG,,31.54,56.61,30.42,39.53
2014-09-30,MNG,,31.54,56.61,30.42,39.53
2014-10-31,MNG,,31.54,56.61,30.42,39.53
2014-11-30,MNG,,31.54,56.61,30.42,39.53
2014-12-31,MNG,,31.54,56.61,30.42,39.53
2015-01-31,MNG,,31.54,56.61,29.82,39.33
2015-02-28,MNG,,31.54,56.61,29.82,39.33
2015-03-31,MNG,,31.54,56.61,29.82,39.33
2015-04-30,MNG,,31.54,56.61,29.82,39.33
2015-05-31,MNG,,31.54,56.61,29.82,39.33
2015-06-30,MNG,,31.54,56.61,29.82,39.33
2015-07-31,MNG,,37.46,52.9,29.82,40.06
2015-08-31,MNG,,37.46,52.9,29.82,40.06
2015-09-30,MNG,,37.46,52.9,29.82,40.06
2015-10-31,MNG,,37.46,52.9,29.82,40.06
2015-11-30,MNG,,37.46,52.9,29.82,40.06
2015-12-31,MNG,,37.46,52.9,29.82,40.06
2016-01-31,MNG,,37.46,52.9,28.99,39.78
2016-02-29,MNG,,37.46,52.9,28.99,39.78
2016-03-31,MNG,,37.46,52.9,28.99,39.78
2016-04-30,MNG,,37.46,52.9,28.99,39.78
2016-05-31,MNG,,37.46,52.9,28.99,39.78
2016-06-30,MNG,,37.46,52.9,28.99,39.78
2016-07-31,MNG,,42.41,50.67,28.99,40.69
2016-08-31,MNG,,42.41,50.67,28.99,40.69
2016-09-30,MNG,,42.41,50.67,28.99,40.69
2016-10-31,MNG,,42.41,50.67,28.99,40.69
2016-11-30,MNG,,42.41,50.67,28.99,40.69
2016-12-31,MNG,,42.41,50.67,28.99,40.69
2017-01-31,MNG,,42.41,50.67,28.78,40.62
2017-02-28,MNG,,42.41,50.67,28.78,40.62
2017-03-31,MNG,,42.41,50.67,28.78,40.62
2017-04-30,MNG,,42.41,50.67,28.78,40.62
2017-05-31,MNG,,42.41,50.67,28.78,40.62
2017-06-30,MNG,,42.41,50.67,28.78,40.62
2017-07-31,MNG,,46.52,47.17,28.78,40.83
2017-08-31,MNG,,46.52,47.17,28.78,40.83
2017-09-30,MNG,,46.52,47.17,28.78,40.83
2017-10-31,MNG,,46.52,47.17,28.78,40.83
2017-11-30,MNG,,46.52,47.17,28.78,40.83
2017-12-31,MNG,,46.52,47.17,28.78,40.83
2018-01-31,MNG,,46.52,47.17,30.19,41.29
2018-02-28,MNG,,46.52,47.17,30.19,41.29
2018-03-31,MNG,,46.52,47.17,30.19,41.29
2018-04-30,MNG,,46.52,47.17,30.19,41.29
2018-05-31,MNG,,46.52,47.17,30.19,41.29
2018-06-30,MNG,,46.52,47.17,30.19,41.29
2018-07-31,MNG,,47.16,43.95,30.19,40.43
2018-08-31,MNG,,47.16,43.95,30.19,40.43
2018-09-30,MNG,,47.16,43.95,30.19,40.43
2018-10-31,MNG,,47.16,43.95,30.19,40.43
2018-11-30,MNG,,47.16,43.95,30.19,40.43
2018-12-31,MNG,,47.16,43.95,30.19,40.43
2019-01-31,MNG,,47.16,43.95,29.07,40.06
2019-02-28,MNG,,47.16,43.95,29.07,40.06
2019-03-31,MNG,,47.16,43.95,29.07,40.06
2019-04-30,MNG,,47.16,43.95,29.07,40.06
2019-05-31,MNG,,47.16,43.95,29.07,40.06
2019-06-30,MNG,,47.16,43.95,29.07,40.06
2019-07-31,MNG,,54.56,45.72,29.07,43.12
2019-08-31,MNG,,54.56,45.72,29.07,43.12
2019-09-30,MNG,,54.56,45.72,29.07,43.12
2019-10-31,MNG,,54.56,45.72,29.07,43.12
2019-11-30,MNG,,54.56,45.72,29.07,43.12
2019-12-31,MNG,,54.56,45.72,29.07,43.12
2020-01-31,MNG,,54.56,45.72,27.02,42.43
2020-02-29,MNG,,54.56,45.72,27.02,42.43
2020-03-31,MNG,,54.56,45.72,27.02,42.43
2020-04-30,MNG,,54.56,45.72,27.02,42.43
2020-05-31,MNG,,54.56,45.72,27.02,42.43
2020-06-30,MNG,,54.56,45.72,27.02,42.43
2020-07-31,MNG,,48.23,48.33,27.02,41.2
2020-08-31,MNG,,48.23,48.33,27.02,41.2
2020-09-30,MNG,,48.23,48.33,27.02,41.2
2020-10-31,MNG,,48.23,48.33,27.02,41.2
2020-11-30,MNG,,48.23,48.33,27.02,41.2
2020-12-31,MNG,,48.23,48.33,27.02,41.2
2021-01-31,MNG,,48.23,48.33,22.44,39.67
2021-02-28,MNG,,48.23,48.33,22.44,39.67
2021-03-31,MNG,,48.23,48.33,22.44,39.67
2021-04-30,MNG,,48.23,48.33,22.44,39.67
2021-05-31,MNG,,48.23,48.33,22.44,39.67
2021-06-30,MNG,,48.23,48.33,22.44,39.67
2021-07-31,MNG,,58.01,50.83,22.44,43.76
2021-08-31,MNG,,58.01,50.83,22.44,43.76
2021-09-30,MNG,,58.01,50.83,22.44,43.76
2021-10-31,MNG,,58.01,50.83,22.44,43.76
2021-11-30,MNG,,58.01,50.83,22.44,43.76
2021-12-31,MNG,,58.01,50.83,22.44,43.76
2022-01-31,MNG,,58.01,50.83,22.55,43.8
2022-02-28,MNG,,58.01,50.83,22.55,43.8
2022-03-31,MNG,,58.01,50.83,22.55,43.8
2022-04-30,MNG,,58.01,50.83,22.55,43.8
2022-05-31,MNG,,58.01,50.83,22.55,43.8
2022-06-30,MNG,,58.01,50.83,22.55,43.8
2022-07-31,MNG,,57.87,52.68,22.55,44.37
2022-08-31,MNG,,57.87,52.68,22.55,44.37
2022-09-30,MNG,,57.87,52.68,22.55,44.37
2022-10-31,MNG,,57.87,52.68,22.55,44.37
2022-11-30,MNG,,57.87,52.68,22.55,44.37
2022-12-31,MNG,,57.87,52.68,22.55,44.37
2023-01-31,MNG,,57.87,52.68,22.81,44.46
2023-02-28,MNG,,57.87,52.68,22.81,44.46
2023-03-31,MNG,,57.87,52.68,22.81,44.46
2023-04-30,MNG,,57.87,52.68,22.81,44.46
2023-05-31,MNG,,57.87,52.68,22.81,44.46
2023-06-30,MNG,,57.87,52.68,22.81,44.46
2023-07-31,MNG,,56.37,56.7,22.81,45.29
2023-08-31,MNG,,56.37,56.7,22.81,45.29
2023-09-30,MNG,,56.37,56.7,22.81,45.29
2023-10-31,MNG,100.0,56.37,56.7,22.81,58.97
2023-11-30,MNG,87.77,56.37,56.7,22.81,55.91
2023-12-31,MNG,77.7,56.37,56.7,22.81,53.39
2024-01-31,MNG,40.45,56.37,56.7,27.94,45.36
2024-02-29,MNG,34.33,56.37,56.7,27.94,43.83
2024-03-31,MNG,24.72,56.37,56.7,27.94,41.43
2024-04-30,MNG,26.25,56.37,56.7,27.94,41.81
2024-05-31,MNG,25.63,56.37,56.7,27.94,41.66
2024-06-30,MNG,40.76,56.37,56.7,27.94,45.44
2024-07-31,MNG,46.29,44.8,42.61,27.94,40.41
2024-08-31,MNG,50.57,44.8,42.61,27.94,41.48
2024-09-30,MNG,48.71,44.8,42.61,27.94,41.01
2024-10-31,MNG,25.99,44.8,42.61,27.94,35.33
2024-11-30,MNG,34.42,44.8,42.61,27.94,37.44
2024-12-31,MNG,35.7,44.8,42.61,27.94,37.76
2025-01-31,MNG,42.07,44.8,42.61,19.6,37.27
2025-02-28,MNG,36.71,44.8,42.61,19.6,35.93
2025-03-31,MNG,45.66,44.8,42.61,19.6,38.17
2025-04-30,MNG,75.18,44.8,42.61,19.6,45.55
2025-05-31,MNG,56.51,44.8,42.61,19.6,40.88
2025-06-30,MNG,40.34,44.8,42.61,19.6,36.84
2025-07-31,MNG,6.47,36.58,47.7,19.6,27.59
2025-08-31,MNG,19.06,36.58,47.7,19.6,30.73
2025-09-30,MNG,17.85,36.58,47.7,19.6,30.43
2025-10-31,MNG,31.7,36.58,47.7,19.6,33.9
2025-11-30,MNG,41.22,36.58,47.7,19.6,36.27
2025-12-31,MNG,42.91,36.58,47.7,19.6,36.7
2026-01-31,MNG,33.01,36.58,47.7,19.28,34.14
2026-02-28,MNG,35.14,36.58,47.7,19.28,34.67
2026-03-31,MNG,58.77,36.58,47.7,19.28,40.58
2026-04-30,MNG,32.65,36.58,47.7,19.28,34.05
2026-05-31,MNG,23.99,36.58,47.7,19.28,31.89
2026-06-30,MNG,16.15,36.58,47.7,19.28,29.93
2026-07-31,MNG,35.04,36.58,47.52,19.28,34.6
2026-08-31,MNG,24.44,36.58,47.52,19.28,31.95
2026-09-30,MNG,28.43,36.58,47.52,19.28,32.95
2000-01-31,LAO,,,,84.19,
2000-02-29,LAO,,,,84.19,
2000-03-31,LAO,,,,84.19,
2000-04-30,LAO,,,,84.19,
2000-05-31,LAO,,,,84.19,
2000-06-30,LAO,,,,84.19,
2000-07-31,LAO,,,,84.19,
2000-08-31,LAO,,,,84.19,
2000-09-30,LAO,,,,84.19,
2000-10-31,LAO,,,,84.19,
2000-11-30,LAO,,,,84.19,
2000-12-31,LAO,,,,84.19,
2001-01-31,LAO,,,,83.64,
2001-02-28,LAO,,,,83.64,
2001-03-31,LAO,,,,83.64,
2001-04-30,LAO,,,,83.64,
2001-05-31,LAO,,,,83.64,
2001-06-30,LAO,,,,83.64,
2001-07-31,LAO,,24.59,57.66,83.64,55.3
2001-08-31,LAO,,24.59,57.66,83.64,55.3
2001-09-30,LAO,,24.59,57.66,83.64,55.3
2001-10-31,LAO,,24.59,57.66,83.64,55.3
2001-11-30,LAO,,24.59,57.66,83.64,55.3
2001-12-31,LAO,,24.59,57.66,83.64,55.3
2002-01-31,LAO,,24.59,57.66,82.92,55.06
2002-02-28,LAO,,24.59,57.66,82.92,55.06
2002-03-31,LAO,,24.59,57.66,82.92,55.06
2002-04-30,LAO,,24.59,57.66,82.92,55.06
2002-05-31,LAO,,24.59,57.66,82.92,55.06
2002-06-30,LAO,,24.59,57.66,82.92,55.06
2002-07-31,LAO,,25.31,45.32,82.92,51.19
2002-08-31,LAO,,25.31,45.32,82.92,51.19
2002-09-30,LAO,,25.31,45.32,82.92,51.19
2002-10-31,LAO,,25.31,45.32,82.92,51.19
2002-11-30,LAO,,25.31,45.32,82.92,51.19
2002-12-31,LAO,,25.31,45.32,82.92,51.19
2003-01-31,LAO,,25.31,45.32,85.48,52.04
2003-02-28,LAO,,25.31,45.32,85.48,52.04
2003-03-31,LAO,,25.31,45.32,85.48,52.04
2003-04-30,LAO,,25.31,45.32,85.48,52.04
2003-05-31,LAO,,25.31,45.32,85.48,52.04
2003-06-30,LAO,,25.31,45.32,85.48,52.04
2003-07-31,LAO,,30.2,42.45,85.48,52.71
2003-08-31,LAO,,30.2,42.45,85.48,52.71
2003-09-30,LAO,,30.2,42.45,85.48,52.71
2003-10-31,LAO,,30.2,42.45,85.48,52.71
2003-11-30,LAO,,30.2,42.45,85.48,52.71
2003-12-31,LAO,,30.2,42.45,85.48,52.71
2004-01-31,LAO,0.22,30.2,42.45,82.1,38.74
2004-02-29,LAO,0.2,30.2,42.45,82.1,38.74
2004-03-31,LAO,0.16,30.2,42.45,82.1,38.73
2004-04-30,LAO,0.11,30.2,42.45,82.1,38.71
2004-05-31,LAO,0.08,30.2,42.45,82.1,38.71
2004-06-30,LAO,0.1,30.2,42.45,82.1,38.71
2004-07-31,LAO,0.12,25.48,45.33,82.1,38.26
2004-08-31,LAO,0.11,25.48,45.33,82.1,38.25
2004-09-30,LAO,0.1,25.48,45.33,82.1,38.25
2004-10-31,LAO,0.07,25.48,45.33,82.1,38.25
2004-11-30,LAO,0.09,25.48,45.33,82.1,38.25
2004-12-31,LAO,5.37,25.48,45.33,82.1,39.57
2005-01-31,LAO,4.52,25.48,45.33,80.37,38.93
2005-02-28,LAO,4.53,25.48,45.33,80.37,38.93
2005-03-31,LAO,4.42,25.48,45.33,80.37,38.9
2005-04-30,LAO,23.41,25.48,45.33,80.37,43.65
2005-05-31,LAO,21.19,25.48,45.33,80.37,43.09
2005-06-30,LAO,21.47,25.48,45.33,80.37,43.16
2005-07-31,LAO,21.51,25.66,46.63,80.37,43.54
2005-08-31,LAO,21.21,25.66,46.63,80.37,43.47
2005-09-30,LAO,21.29,25.66,46.63,80.37,43.49
2005-10-31,LAO,21.38,25.66,46.63,80.37,43.51
2005-11-30,LAO,21.19,25.66,46.63,80.37,43.46
2005-12-31,LAO,20.79,25.66,46.63,80.37,43.36
2006-01-31,LAO,20.59,25.66,46.63,81.16,43.51
2006-02-28,LAO,20.48,25.66,46.63,81.16,43.48
2006-03-31,LAO,20.79,25.66,46.63,81.16,43.56
2006-04-30,LAO,3.17,25.66,46.63,81.16,39.15
2006-05-31,LAO,5.4,25.66,46.63,81.16,39.71
2006-06-30,LAO,5.41,25.66,46.63,81.16,39.71
2006-07-31,LAO,4.37,24.68,43.38,81.16,38.4
2006-08-31,LAO,3.97,24.68,43.38,81.16,38.3
2006-09-30,LAO,3.76,24.68,43.38,81.16,38.24
2006-10-31,LAO,3.02,24.68,43.38,81.16,38.06
2006-11-30,LAO,2.73,24.68,43.38,81.16,37.99
2006-12-31,LAO,2.21,24.68,43.38,81.16,37.86
2007-01-31,LAO,3.3,24.68,43.38,78.0,37.34
2007-02-28,LAO,3.28,24.68,43.38,78.0,37.33
2007-03-31,LAO,3.11,24.68,43.38,78.0,37.29
2007-04-30,LAO,3.7,24.68,43.38,78.0,37.44
2007-05-31,LAO,3.9,24.68,43.38,78.0,37.49
2007-06-30,LAO,3.97,24.68,43.38,78.0,37.51
2007-07-31,LAO,3.49,21.79,35.7,78.0,34.74
2007-08-31,LAO,4.33,21.79,35.7,78.0,34.95
2007-09-30,LAO,4.46,21.79,35.7,78.0,34.98
2007-10-31,LAO,5.07,21.79,35.7,78.0,35.14
2007-11-30,LAO,4.6,21.79,35.7,78.0,35.02
2007-12-31,LAO,4.8,21.79,35.7,78.0,35.07
2008-01-31,LAO,4.12,21.79,35.7,80.88,35.62
2008-02-29,LAO,3.1,21.79,35.7,80.88,35.37
2008-03-31,LAO,2.12,21.79,35.7,80.88,35.12
2008-04-30,LAO,1.9,21.79,35.7,80.88,35.07
2008-05-31,LAO,1.25,21.79,35.7,80.88,34.9
2008-06-30,LAO,0.84,21.79,35.7,80.88,34.8
2008-07-31,LAO,0.9,24.09,31.63,80.88,34.38
2008-08-31,LAO,0.85,24.09,31.63,80.88,34.37
2008-09-30,LAO,0.39,24.09,31.63,80.88,34.25
2008-10-31,LAO,0.94,24.09,31.63,80.88,34.39
2008-11-30,LAO,1.36,24.09,31.63,80.88,34.49
2008-12-31,LAO,2.12,24.09,31.63,80.88,34.68
2009-01-31,LAO,2.85,24.09,31.63,79.22,34.45
2009-02-28,LAO,3.33,24.09,31.63,79.22,34.57
2009-03-31,LAO,4.23,24.09,31.63,79.22,34.79
2009-04-30,LAO,4.56,24.09,31.63,79.22,34.88
2009-05-31,LAO,4.32,24.09,31.63,79.22,34.82
2009-06-30,LAO,4.41,24.09,31.63,79.22,34.84
2009-07-31,LAO,4.89,23.98,35.2,79.22,35.82
2009-08-31,LAO,4.68,23.98,35.2,79.22,35.77
2009-09-30,LAO,5.35,23.98,35.2,79.22,35.94
2009-10-31,LAO,4.82,23.98,35.2,79.22,35.81
2009-11-30,LAO,4.9,23.98,35.2,79.22,35.83
2009-12-31,LAO,4.74,23.98,35.2,79.22,35.79
2010-01-31,LAO,4.72,23.98,35.2,75.6,34.88
2010-02-28,LAO,5.04,23.98,35.2,75.6,34.96
2010-03-31,LAO,5.86,23.98,35.2,75.6,35.16
2010-04-30,LAO,4.82,23.98,35.2,75.6,34.9
2010-05-31,LAO,5.33,23.98,35.2,75.6,35.03
2010-06-30,LAO,5.29,23.98,35.2,75.6,35.02
2010-07-31,LAO,53.39,26.79,30.3,75.6,46.52
2010-08-31,LAO,51.96,26.79,30.3,75.6,46.16
2010-09-30,LAO,52.71,26.79,30.3,75.6,46.35
2010-10-31,LAO,3.7,26.79,30.3,75.6,34.1
2010-11-30,LAO,4.01,26.79,30.3,75.6,34.18
2010-12-31,LAO,3.97,26.79,30.3,75.6,34.17
2011-01-31,LAO,3.1,26.79,30.3,74.07,33.56
2011-02-28,LAO,4.06,26.79,30.3,74.07,33.8
2011-03-31,LAO,3.2,26.79,30.3,74.07,33.59
2011-04-30,LAO,4.06,26.79,30.3,74.07,33.8
2011-05-31,LAO,3.33,26.79,30.3,74.07,33.62
2011-06-30,LAO,4.3,26.79,30.3,74.07,33.87
2011-07-31,LAO,4.42,24.37,34.85,74.07,34.43
2011-08-31,LAO,5.68,24.37,34.85,74.07,34.74
2011-09-30,LAO,5.06,24.37,34.85,74.07,34.59
2011-10-31,LAO,5.76,24.37,34.85,74.07,34.76
2011-11-30,LAO,4.93,24.37,34.85,74.07,34.56
2011-12-31,LAO,5.51,24.37,34.85,74.07,34.7
2012-01-31,LAO,5.34,24.37,34.85,69.07,33.41
2012-02-29,LAO,5.35,24.37,34.85,69.07,33.41
2012-03-31,LAO,5.48,24.37,34.85,69.07,33.44
2012-04-30,LAO,5.84,24.37,34.85,69.07,33.54
2012-05-31,LAO,6.18,24.37,34.85,69.07,33.62
2012-06-30,LAO,6.15,24.37,34.85,69.07,33.61
2012-07-31,LAO,5.08,33.23,39.25,69.07,36.66
2012-08-31,LAO,5.15,33.23,39.25,69.07,36.68
2012-09-30,LAO,5.93,33.23,39.25,69.07,36.87
2012-10-31,LAO,4.7,33.23,39.25,69.07,36.56
2012-11-30,LAO,6.5,33.23,39.25,69.07,37.01
2012-12-31,LAO,4.74,33.23,39.25,69.07,36.57
2013-01-31,LAO,5.8,33.23,39.25,69.01,36.82
2013-02-28,LAO,4.58,33.23,39.25,69.01,36.52
2013-03-31,LAO,4.1,33.23,39.25,69.01,36.4
2013-04-30,LAO,3.94,33.23,39.25,69.01,36.36
2013-05-31,LAO,4.58,33.23,39.25,69.01,36.52
2013-06-30,LAO,4.57,33.23,39.25,69.01,36.51
2013-07-31,LAO,5.79,35.44,40.56,69.01,37.7
2013-08-31,LAO,5.1,35.44,40.56,69.01,37.53
2013-09-30,LAO,5.11,35.44,40.56,69.01,37.53
2013-10-31,LAO,5.63,35.44,40.56,69.01,37.66
2013-11-30,LAO,6.18,35.44,40.56,69.01,37.8
2013-12-31,LAO,7.33,35.44,40.56,69.01,38.08
2014-01-31,LAO,7.38,35.44,40.56,65.88,37.31
2014-02-28,LAO,7.58,35.44,40.56,65.88,37.36
2014-03-31,LAO,57.8,35.44,40.56,65.88,49.92
2014-04-30,LAO,57.79,35.44,40.56,65.88,49.92
2014-05-31,LAO,57.9,35.44,40.56,65.88,49.94
2014-06-30,LAO,7.4,35.44,40.56,65.88,37.32
2014-07-31,LAO,7.25,40.67,43.68,65.88,39.37
2014-08-31,LAO,7.03,40.67,43.68,65.88,39.31
2014-09-30,LAO,7.2,40.67,43.68,65.88,39.36
2014-10-31,LAO,6.72,40.67,43.68,65.88,39.24
2014-11-30,LAO,50.38,40.67,43.68,65.88,50.15
2014-12-31,LAO,51.5,40.67,43.68,65.88,50.43
2015-01-31,LAO,6.46,40.67,43.68,62.49,38.33
2015-02-28,LAO,55.91,40.67,43.68,62.49,50.69
2015-03-31,LAO,55.76,40.67,43.68,62.49,50.65
2015-04-30,LAO,55.67,40.67,43.68,62.49,50.63
2015-05-31,LAO,51.67,40.67,43.68,62.49,49.63
2015-06-30,LAO,51.81,40.67,43.68,62.49,49.66
2015-07-31,LAO,52.18,42.29,46.49,62.49,50.86
2015-08-31,LAO,6.23,42.29,46.49,62.49,39.37
2015-09-30,LAO,6.15,42.29,46.49,62.49,39.35
2015-10-31,LAO,7.35,42.29,46.49,62.49,39.65
2015-11-30,LAO,6.23,42.29,46.49,62.49,39.37
2015-12-31,LAO,5.18,42.29,46.49,62.49,39.11
2016-01-31,LAO,5.26,42.29,46.49,61.14,38.79
2016-02-29,LAO,5.32,42.29,46.49,61.14,38.81
2016-03-31,LAO,4.82,42.29,46.49,61.14,38.68
2016-04-30,LAO,6.19,42.29,46.49,61.14,39.03
2016-05-31,LAO,54.27,42.29,46.49,61.14,51.05
2016-06-30,LAO,53.98,42.29,46.49,61.14,50.97
2016-07-31,LAO,55.04,42.43,45.98,61.14,51.15
2016-08-31,LAO,5.68,42.43,45.98,61.14,38.81
2016-09-30,LAO,4.75,42.43,45.98,61.14,38.57
2016-10-31,LAO,4.79,42.43,45.98,61.14,38.59
2016-11-30,LAO,6.14,42.43,45.98,61.14,38.92
2016-12-31,LAO,6.66,42.43,45.98,61.14,39.05
2017-01-31,LAO,7.55,42.43,45.98,61.39,39.34
2017-02-28,LAO,7.55,42.43,45.98,61.39,39.34
2017-03-31,LAO,6.94,42.43,45.98,61.39,39.18
2017-04-30,LAO,5.68,42.43,45.98,61.39,38.87
2017-05-31,LAO,57.21,42.43,45.98,61.39,51.75
2017-06-30,LAO,56.37,42.43,45.98,61.39,51.54
2017-07-31,LAO,55.07,43.43,43.53,61.39,50.85
2017-08-31,LAO,56.89,43.43,43.53,61.39,51.31
2017-09-30,LAO,56.96,43.43,43.53,61.39,51.33
2017-10-31,LAO,7.61,43.43,43.53,61.39,38.99
2017-11-30,LAO,7.31,43.43,43.53,61.39,38.91
2017-12-31,LAO,8.12,43.43,43.53,61.39,39.11
2018-01-31,LAO,6.62,43.43,43.53,62.54,39.03
2018-02-28,LAO,6.58,43.43,43.53,62.54,39.02
2018-03-31,LAO,7.55,43.43,43.53,62.54,39.26
2018-04-30,LAO,55.87,43.43,43.53,62.54,51.34
2018-05-31,LAO,55.05,43.43,43.53,62.54,51.13
2018-06-30,LAO,56.55,43.43,43.53,62.54,51.51
2018-07-31,LAO,7.14,45.4,42.15,62.54,39.31
2018-08-31,LAO,7.04,45.4,42.15,62.54,39.28
2018-09-30,LAO,8.05,45.4,42.15,62.54,39.54
2018-10-31,LAO,8.41,45.4,42.15,62.54,39.62
2018-11-30,LAO,58.04,45.4,42.15,62.54,52.03
2018-12-31,LAO,56.54,45.4,42.15,62.54,51.66
2019-01-31,LAO,56.8,45.4,42.15,59.02,50.84
2019-02-28,LAO,57.06,45.4,42.15,59.02,50.91
2019-03-31,LAO,57.06,45.4,42.15,59.02,50.91
2019-04-30,LAO,56.14,45.4,42.15,59.02,50.68
2019-05-31,LAO,7.43,45.4,42.15,59.02,38.5
2019-06-30,LAO,7.08,45.4,42.15,59.02,38.41
2019-07-31,LAO,8.62,51.25,45.26,59.02,41.04
2019-08-31,LAO,8.38,51.25,45.26,59.02,40.98
2019-09-30,LAO,7.9,51.25,45.26,59.02,40.86
2019-10-31,LAO,7.82,51.25,45.26,59.02,40.84
2019-11-30,LAO,6.6,51.25,45.26,59.02,40.53
2019-12-31,LAO,8.01,51.25,45.26,59.02,40.88
2020-01-31,LAO,7.85,51.25,45.26,55.74,40.02
2020-02-29,LAO,7.74,51.25,45.26,55.74,40.0
2020-03-31,LAO,6.09,51.25,45.26,55.74,39.58
2020-04-30,LAO,9.07,51.25,45.26,55.74,40.33
2020-05-31,LAO,7.94,51.25,45.26,55.74,40.05
2020-06-30,LAO,7.94,51.25,45.26,55.74,40.05
2020-07-31,LAO,7.77,50.99,46.03,55.74,40.13
2020-08-31,LAO,6.66,50.99,46.03,55.74,39.85
2020-09-30,LAO,8.07,50.99,46.03,55.74,40.21
2020-10-31,LAO,7.39,50.99,46.03,55.74,40.04
2020-11-30,LAO,8.31,50.99,46.03,55.74,40.27
2020-12-31,LAO,8.05,50.99,46.03,55.74,40.2
2021-01-31,LAO,8.25,50.99,46.03,56.89,40.54
2021-02-28,LAO,7.16,50.99,46.03,56.89,40.27
2021-03-31,LAO,10.27,50.99,46.03,56.89,41.05
2021-04-30,LAO,8.19,50.99,46.03,56.89,40.52
2021-05-31,LAO,8.24,50.99,46.03,56.89,40.54
2021-06-30,LAO,8.27,50.99,46.03,56.89,40.55
2021-07-31,LAO,7.46,50.15,48.37,56.89,40.72
2021-08-31,LAO,8.56,50.15,48.37,56.89,40.99
2021-09-30,LAO,9.52,50.15,48.37,56.89,41.23
2021-10-31,LAO,11.99,50.15,48.37,56.89,41.85
2021-11-30,LAO,15.36,50.15,48.37,56.89,42.69
2021-12-31,LAO,15.87,50.15,48.37,56.89,42.82
2022-01-31,LAO,16.19,50.15,48.37,55.33,42.51
2022-02-28,LAO,17.65,50.15,48.37,55.33,42.88
2022-03-31,LAO,17.99,50.15,48.37,55.33,42.96
2022-04-30,LAO,20.98,50.15,48.37,55.33,43.71
2022-05-31,LAO,26.53,50.15,48.37,55.33,45.1
2022-06-30,LAO,32.83,50.15,48.37,55.33,46.67
2022-07-31,LAO,36.08,50.98,43.36,55.33,46.44
2022-08-31,LAO,37.28,50.98,43.36,55.33,46.74
2022-09-30,LAO,38.75,50.98,43.36,55.33,47.1
2022-10-31,LAO,37.57,50.98,43.36,55.33,46.81
2022-11-30,LAO,32.47,50.98,43.36,55.33,45.53
2022-12-31,LAO,32.82,50.98,43.36,55.33,45.62
2023-01-31,LAO,29.03,50.98,43.36,59.74,45.78
2023-02-28,LAO,28.69,50.98,43.36,59.74,45.69
2023-03-31,LAO,27.94,50.98,43.36,59.74,45.51
2023-04-30,LAO,25.86,50.98,43.36,59.74,44.98
2023-05-31,LAO,20.78,50.98,43.36,59.74,43.72
2023-06-30,LAO,19.21,50.98,43.36,59.74,43.32
2023-07-31,LAO,18.27,53.22,61.83,59.74,48.27
2023-08-31,LAO,18.49,53.22,61.83,59.74,48.32
2023-09-30,LAO,16.77,53.22,61.83,59.74,47.89
2023-10-31,LAO,44.06,53.22,61.83,59.74,54.71
2023-11-30,LAO,40.87,53.22,61.83,59.74,53.92
2023-12-31,LAO,35.73,53.22,61.83,59.74,52.63
2024-01-31,LAO,29.08,53.22,61.83,58.11,50.56
2024-02-29,LAO,26.21,53.22,61.83,58.11,49.84
2024-03-31,LAO,20.83,53.22,61.83,58.11,48.5
2024-04-30,LAO,21.46,53.22,61.83,58.11,48.65
2024-05-31,LAO,21.17,53.22,61.83,58.11,48.58
2024-06-30,LAO,27.42,53.22,61.83,58.11,50.14
2024-07-31,LAO,29.9,55.03,64.16,58.11,51.8
2024-08-31,LAO,31.5,55.03,64.16,58.11,52.2
2024-09-30,LAO,29.17,55.03,64.16,58.11,51.62
2024-10-31,LAO,17.55,55.03,64.16,58.11,48.71
2024-11-30,LAO,21.29,55.03,64.16,58.11,49.65
2024-12-31,LAO,22.02,55.03,64.16,58.11,49.83
2025-01-31,LAO,24.97,55.03,64.16,48.72,48.22
2025-02-28,LAO,22.06,55.03,64.16,48.72,47.49
2025-03-31,LAO,26.48,55.03,64.16,48.72,48.6
2025-04-30,LAO,40.8,55.03,64.16,48.72,52.18
2025-05-31,LAO,31.07,55.03,64.16,48.72,49.74
2025-06-30,LAO,22.5,55.03,64.16,48.72,47.6
2025-07-31,LAO,5.45,53.96,56.85,48.72,41.24
2025-08-31,LAO,11.72,53.96,56.85,48.72,42.81
2025-09-30,LAO,11.19,53.96,56.85,48.72,42.68
2025-10-31,LAO,18.35,53.96,56.85,48.72,44.47
2025-11-30,LAO,23.15,53.96,56.85,48.72,45.67
2025-12-31,LAO,24.09,53.96,56.85,48.72,45.9
2026-01-31,LAO,18.91,53.96,56.85,41.94,42.91
2026-02-28,LAO,20.03,53.96,56.85,41.94,43.19
2026-03-31,LAO,32.1,53.96,56.85,41.94,46.21
2026-04-30,LAO,19.51,53.96,56.85,41.94,43.07
2026-05-31,LAO,15.28,53.96,56.85,41.94,42.01
2026-06-30,LAO,11.23,53.96,56.85,41.94,40.99
2026-07-31,LAO,21.67,53.96,44.53,41.94,40.52
2026-08-31,LAO,16.06,53.96,44.53,41.94,39.12
2026-09-30,LAO,18.27,53.96,44.53,41.94,39.67
